test_id,categoria,dimension,regla,tabla,esperado,obtenido,severidad,resultado,detalle
A01,Auditoría,Auditability,Triggers de auditoría activos en las tablas críticas (RN-52),pg_trigger,8 de 8,8 de 8,CRITICA,PASS,ninguno desactivado
A02,Auditoría,Auditability,"Triggers de inmutabilidad activos (RN-40, RN-53)",pg_trigger,6 de 6,6 de 6,CRITICA,PASS,ninguno desactivado
A03,Auditoría,Auditability,"Registros de auditoría incompletos (quién, qué, cuándo, registro, valores)",aud.log_auditoria,0,0,ALTA,PASS,""
A04,Auditoría,Auditability,"Cargas masivas sin rastro en la auditoría (quién cargó, cuándo, cuántas filas)",aud.log_auditoria,0,0,ALTA,PASS,todas las cargas tienen registro
A05,Auditoría,Auditability,Transacciones sin usuario interno que las registró o con usuario sin rol,fin.transaccion_financiera,0,0,ALTA,PASS,""
A06,Auditoría,Auditability,Asignaciones de rol hechas por el mismo usuario (RN-50),seg.usuario_rol,0,0,ALTA,PASS,""
C01,Completitud,Data Quality,"Campos críticos vacíos en cliente (documento, municipio, vinculación)",core.cliente,0,0,CRITICA,PASS,""
C02,Completitud,Data Quality,Nombres o apellidos vacíos en personas naturales,core.persona_natural,0,0,ALTA,PASS,""
C03,Completitud,Data Quality,Razón social o actividad económica vacías en personas jurídicas,core.persona_juridica,0,0,ALTA,PASS,""
C04,Completitud,Data Quality,Clientes sin correo electrónico (campo opcional),core.cliente,≤ 5 %,7.1 %,BAJA,WARNING,714 clientes sin correo; se recomienda campaña de actualización de datos
C05,Completitud,Data Quality,Transacciones POSTED sin fecha contable o de contabilización,fin.transaccion_financiera,0,0,CRITICA,PASS,""
C06,Completitud,Data Quality,Transacciones REJECTED sin motivo (RN-45),fin.transaccion_financiera,0,0,ALTA,PASS,""
D01,Distribución,Data Quality,Clientes por departamento no uniformes,core.cliente,mayor / promedio > 3,9.6,MEDIA,PASS,""
D02,Distribución,Data Quality,Cuentas por cliente con cola larga,core.titularidad_cuenta,máximo / mediana ≥ 10,100.0,MEDIA,PASS,""
D03,Distribución,Data Quality,Patrón horario de transacciones,fin.transaccion_financiera,pico / valle ≥ 5,22.7,MEDIA,PASS,""
D04,Distribución,Data Quality,Montos sesgados: mediana < promedio,fin.transaccion_financiera,mediana < promedio,837000 < 1767799,MEDIA,PASS,""
D05,Distribución,Data Quality,Mayoría de cuentas ACTIVAS y minorías en otros estados,core.cuenta,ACTIVA > 50 % y 4 estados,87.1 % activas · 4 estados,MEDIA,PASS,""
DS01,Diseño,Database Design,"Columnas float, real o money (dinero debe ser NUMERIC)",information_schema.columns,0,0,ALTA,PASS,""
DS02,Diseño,Database Design,Tablas sin clave primaria,pg_class,0,0,ALTA,PASS,""
DS03,Diseño,Database Design,Tablas sin comentario (documentación en la base),pg_class,0,0,BAJA,PASS,""
DS04,Diseño,Database Design,Momentos (eventos) guardados sin zona horaria,information_schema.columns,0,0,MEDIA,PASS,Las columnas de momento deben ser timestamptz
DS05,Diseño,Database Design,Claves foráneas sin índice que las soporte,pg_constraint,0,34,BAJA,WARNING,No es un error de integridad: afecta joins y borrados. Se evalúa en G7 con EXPLAIN (decisión DC-06)
DS06,Diseño,Database Design,Funciones SECURITY DEFINER sin search_path fijo,pg_proc,0,0,ALTA,PASS,""
DS07,Diseño,Database Design,Funciones del banco ejecutables por PUBLIC,pg_proc,0,0,ALTA,PASS,""
DS08,Diseño,Database Design,Roles de la aplicación con escritura directa en tablas de dinero,fin.*,0,0,CRITICA,PASS,""
F01,Financiera,Integrity,Transacciones POSTED cuadradas: Σ débitos = Σ créditos (RN-47),fin.asiento_contable,100 %,100.0000 %,CRITICA,PASS,0 transacciones descuadradas de 1000000
F02,Financiera,Integrity,Transacciones REJECTED o PENDING con asientos (RN-45),fin.asiento_contable,0,0,CRITICA,PASS,""
F03,Financiera,Integrity,Momentos con saldo por debajo del cupo de sobregiro (RN-31),fin.asiento_contable,0,0,CRITICA,PASS,""
F04,Financiera,Integrity,Cuentas CERRADAS con saldo (RN-20),core.cuenta,0,0,CRITICA,PASS,""
F05,Financiera,Integrity,Cuenta-día con retiros por encima del límite vigente (RN-37),fin.transaccion_financiera,0,0,CRITICA,PASS,""
F06,Financiera,Integrity,"Transferencias a la misma cuenta o entre monedas distintas (RN-32, RN-33)",fin.transaccion_financiera,0,0,CRITICA,PASS,""
F07,Financiera,Integrity,Reversos con monto o cuentas distintos de la original (RN-41),fin.transaccion_financiera,0,0,CRITICA,PASS,""
G01,Geográfica,Data Quality,Municipios cuyo código no empieza por el del departamento (RN-07),ref.municipio,0,0,ALTA,PASS,""
G02,Geográfica,Data Quality,Clientes u oficinas en municipios fuera del catálogo DIVIPOLA,core.cliente / ref.oficina,0,0,ALTA,PASS,""
G03,Geográfica,Data Quality,Departamentos del catálogo sin ningún municipio,ref.departamento,0,0,BAJA,PASS,""
N01,Reglas de negocio,Integrity,"Producto no permitido para el tipo de titular (RN-14, RN-15)",core.titularidad_cuenta,0,0,ALTA,PASS,""
N02,Reglas de negocio,Integrity,Cuentas con más titulares vigentes que el máximo del producto (RN-16),core.titularidad_cuenta,0,0,ALTA,PASS,""
N03,Reglas de negocio,Integrity,Cupo de sobregiro fuera de cuentas CORRIENTE (RN-17),core.cuenta,0,0,ALTA,PASS,""
N04,Reglas de negocio,Integrity,Ajustes POSTED sin aprobación de otro SUPERVISOR (RN-44),fin.transaccion_financiera,0,0,CRITICA,PASS,""
N05,Reglas de negocio,Integrity,Reversos registrados por usuarios sin rol SUPERVISOR (RN-51),fin.transaccion_financiera,0,0,ALTA,PASS,""
N06,Reglas de negocio,Integrity,Usuarios que operaron cuentas de las que son titulares (RN-54),fin.transaccion_financiera,0,0,ALTA,PASS,""
N07,Reglas de negocio,Integrity,"Desbloqueos, cierres o cambios de límite sin SUPERVISOR (RN-28)",core.evento_cuenta,0,0,ALTA,PASS,""
N08,Reglas de negocio,Integrity,Bloqueos sin motivo (RN-29),core.evento_cuenta,0,0,MEDIA,PASS,""
R01,Integridad referencial,Integrity,Titularidades con cliente o cuenta inexistente,core.titularidad_cuenta,0,0,CRITICA,PASS,""
R02,Integridad referencial,Integrity,Asientos sin transacción o con cuenta inexistente,fin.asiento_contable,0,0,CRITICA,PASS,""
R03,Integridad referencial,Integrity,Transacciones con cuenta origen/destino o usuario inexistente,fin.transaccion_financiera,0,0,CRITICA,PASS,""
R04,Integridad referencial,Integrity,Eventos de cuenta huérfanos,core.evento_cuenta,0,0,CRITICA,PASS,""
R05,Integridad referencial,Integrity,Clientes sin subtipo o con los dos (RN-02),core.cliente,0,0,CRITICA,PASS,""
R06,Integridad referencial,Integrity,Cuentas no cerradas sin titular principal vigente (RN-13),core.cuenta,0,0,CRITICA,PASS,""
R07,Integridad referencial,Integrity,Claves foráneas o CHECK sin validar (NOT VALID),pg_constraint,0,0,ALTA,PASS,""
S01,Reconciliación,Integrity,Saldo almacenado = saldo según el ledger en cada cuenta (RN-48),core.cuenta,0 diferencias,0 cuentas · diferencia total 0.00,CRITICA,PASS,50000 cuentas revisadas
S02,Reconciliación,Integrity,Σ saldos por cuenta contable y moneda = Σ del ledger,core.cuenta / fin.asiento_contable,0 diferencias,0,CRITICA,PASS,6 combinaciones cuenta contable × moneda
S03,Reconciliación,Integrity,Estado de la cuenta distinto de su último evento (RN-25),core.cuenta,0,0,ALTA,PASS,""
S04,Reconciliación,Integrity,Límite diario distinto del último cambio registrado (RN-27),core.cuenta,0,0,ALTA,PASS,""
S05,Reconciliación,Integrity,Fecha de cierre distinta del evento CIERRE,core.cuenta,0,0,MEDIA,PASS,""
T01,Temporal,Data Quality,Movimientos antes de la apertura o después del cierre (RN-36),fin.asiento_contable,0,0,CRITICA,PASS,""
T02,Temporal,Data Quality,Débitos de cuentas que no estaban ACTIVAS (RN-34),fin.asiento_contable,0,0,CRITICA,PASS,""
T03,Temporal,Data Quality,Créditos a cuentas que no estaban ACTIVAS ni BLOQUEADAS (RN-35),fin.asiento_contable,0,0,CRITICA,PASS,""
T04,Temporal,Data Quality,Primer evento distinto de CREACION (RN-23),core.evento_cuenta,0,0,ALTA,PASS,""
T05,Temporal,Data Quality,Eventos cuyo estado anterior no es el estado previo real de la cuenta,core.evento_cuenta,0,0,ALTA,PASS,""
T06,Temporal,Data Quality,Fecha contable distinta del día de contabilización (hora Colombia),fin.transaccion_financiera,0,0,MEDIA,PASS,""
T07,Temporal,Data Quality,Reversos registrados antes de la transacción original,fin.transaccion_financiera,0,0,CRITICA,PASS,""
T08,Temporal,Data Quality,Cuentas abiertas antes de la vinculación del titular,core.titularidad_cuenta,0,0,MEDIA,PASS,""
U01,Unicidad,Data Quality,Documentos de cliente duplicados (RN-01),core.cliente,0,0,CRITICA,PASS,""
U02,Unicidad,Data Quality,NIT duplicados,core.cliente,0,0,CRITICA,PASS,""
U03,Unicidad,Data Quality,Números de cuenta duplicados (RN-11),core.cuenta,0,0,CRITICA,PASS,""
U04,Unicidad,Data Quality,Claves de idempotencia duplicadas (RN-38),fin.transaccion_financiera,0,0,CRITICA,PASS,""
U05,Unicidad,Data Quality,Usuarios internos con login o documento duplicado,seg.usuario,0,0,ALTA,PASS,""
U06,Unicidad,Data Quality,"Posibles personas repetidas (mismo nombre, apellidos y fecha de nacimiento)",core.persona_natural,0,0,BAJA,PASS,""
U07,Unicidad,Data Quality,Transacciones reversadas más de una vez (RN-42),fin.transaccion_financiera,0,0,CRITICA,PASS,""
V01,Validez,Data Quality,Montos ≤ 0 o con más de 2 decimales (RN-30),fin.transaccion_financiera,0,0,CRITICA,PASS,""
V02,Validez,Data Quality,NIT con dígito de verificación incorrecto (RN-04),core.cliente,0,0,ALTA,PASS,""
V03,Validez,Data Quality,Titulares naturales menores de 18 años al abrir (RN-08),core.titularidad_cuenta,0,0,ALTA,PASS,""
V04,Validez,Data Quality,Fechas de nacimiento imposibles (futuras o edad > 110 años),core.persona_natural,0,0,MEDIA,PASS,""
V05,Validez,Data Quality,Teléfonos que no son celulares colombianos de 10 dígitos,core.cliente,0,0,BAJA,PASS,""
V06,Validez,Data Quality,Saldo retenido negativo o mayor que el saldo contable positivo,core.cuenta,0,0,ALTA,PASS,""
