evento_id,valor_anterior,valor_nuevo
983,2000000.00,3000000.00
1384,3000000.00,1500000.00
1671,10000000.00,5000000.00
1826,20000000.00,30000000.00
1951,3000000.00,1500000.00
2133,3000000.00,4500000.00
2186,10000000.00,5000000.00
2661,20000000.00,40000000.00
3065,2000000.00,1000000.00
3149,3000000.00,4500000.00
3240,10000000.00,20000000.00
3463,2000000.00,3000000.00
3647,50000000.00,100000000.00
3788,20000000.00,10000000.00
3838,3000000.00,1500000.00
3893,10000000.00,20000000.00
4050,10000000.00,20000000.00
4072,3000000.00,4500000.00
4110,3000000.00,4500000.00
4165,20000000.00,10000000.00
4400,3000000.00,4500000.00
4599,20000000.00,10000000.00
4657,3000000.00,1500000.00
4718,3000000.00,1500000.00
4875,50000000.00,100000000.00
5441,1000.00,2000.00
5455,10000000.00,20000000.00
5519,3000000.00,1500000.00
5530,20000000.00,30000000.00
5612,50000000.00,75000000.00
5642,3000000.00,1500000.00
5741,3000000.00,1500000.00
6382,3000000.00,4500000.00
6455,20000000.00,40000000.00
6483,10000000.00,15000000.00
6980,20000000.00,30000000.00
7035,50000000.00,75000000.00
7088,10000000.00,5000000.00
7262,3000000.00,4500000.00
7309,3000000.00,6000000.00
7314,3000000.00,6000000.00
7321,3000000.00,6000000.00
7446,3000000.00,1500000.00
7557,50000000.00,25000000.00
7638,3000000.00,1500000.00
7789,3000000.00,4500000.00
7809,15000.00,7500.00
7829,3000000.00,6000000.00
7872,3000000.00,1500000.00
8035,10000000.00,15000000.00
8154,3000000.00,1500000.00
8247,3000000.00,4500000.00
8699,3000000.00,6000000.00
8729,10000000.00,15000000.00
8881,3000000.00,6000000.00
9061,3000000.00,4500000.00
9122,3000000.00,4500000.00
9146,3000000.00,1500000.00
9243,10000000.00,5000000.00
9292,20000000.00,10000000.00
9551,20000000.00,10000000.00
9615,50000000.00,25000000.00
9625,20000000.00,30000000.00
9753,3000000.00,1500000.00
10118,20000000.00,10000000.00
10176,50000000.00,100000000.00
10221,2000000.00,4000000.00
10268,3000000.00,1500000.00
10338,3000000.00,1500000.00
10355,2000000.00,1000000.00
10467,3000000.00,1500000.00
10492,3000000.00,1500000.00
10554,50000000.00,75000000.00
10640,3000000.00,6000000.00
10647,3000000.00,4500000.00
10780,2000000.00,1000000.00
10957,20000000.00,30000000.00
11156,3000000.00,6000000.00
11171,10000000.00,5000000.00
11452,3000000.00,6000000.00
11457,10000000.00,15000000.00
11508,3000000.00,4500000.00
11517,10000000.00,20000000.00
11522,20000000.00,10000000.00
11653,3000000.00,6000000.00
11702,2000000.00,1000000.00
11795,1000.00,1500.00
11995,10000000.00,5000000.00
12455,3000000.00,4500000.00
12571,20000000.00,30000000.00
12693,10000000.00,20000000.00
12887,50000000.00,75000000.00
12946,20000000.00,10000000.00
12971,20000000.00,30000000.00
13031,3000000.00,4500000.00
13038,20000000.00,10000000.00
13147,3000000.00,1500000.00
13244,3000000.00,1500000.00
13245,2000000.00,3000000.00
13357,20000000.00,30000000.00
13385,3000000.00,6000000.00
13504,2000000.00,3000000.00
13579,3000000.00,6000000.00
13608,20000000.00,40000000.00
13757,3000000.00,6000000.00
13783,2000000.00,3000000.00
13801,50000000.00,75000000.00
13939,3000000.00,6000000.00
14028,20000000.00,10000000.00
14181,2000000.00,3000000.00
14297,2000000.00,1000000.00
14335,3000000.00,6000000.00
14412,50000000.00,100000000.00
14436,3000000.00,4500000.00
14574,3000000.00,4500000.00
14670,3000000.00,6000000.00
15061,3000000.00,6000000.00
15123,50000000.00,100000000.00
15209,10000000.00,5000000.00
15240,3000000.00,6000000.00
15260,20000000.00,40000000.00
15290,3000000.00,1500000.00
15360,50000000.00,100000000.00
15498,10000000.00,20000000.00
15502,3000000.00,6000000.00
15539,50000000.00,25000000.00
15713,1000.00,1500.00
15716,50000000.00,25000000.00
15741,3000000.00,4500000.00
15804,2000000.00,3000000.00
15814,2000000.00,3000000.00
16059,3000000.00,1500000.00
16060,3000000.00,6000000.00
16143,10000000.00,5000000.00
16188,3000000.00,1500000.00
16233,20000000.00,10000000.00
16251,3000000.00,6000000.00
16350,3000000.00,6000000.00
16429,2000000.00,3000000.00
16497,3000000.00,6000000.00
16573,10000000.00,20000000.00
16587,20000000.00,10000000.00
16657,3000000.00,6000000.00
16672,20000000.00,40000000.00
16987,3000000.00,6000000.00
17067,3000000.00,1500000.00
17096,3000000.00,6000000.00
17143,50000000.00,100000000.00
17192,50000000.00,75000000.00
17274,20000000.00,40000000.00
17404,3000000.00,6000000.00
17474,2000000.00,3000000.00
17628,10000000.00,15000000.00
17721,50000000.00,75000000.00
17755,2000000.00,3000000.00
17775,3000000.00,4500000.00
17806,20000000.00,10000000.00
17831,3000000.00,1500000.00
17977,3000000.00,1500000.00
18007,3000000.00,6000000.00
18101,50000000.00,25000000.00
18240,3000000.00,4500000.00
18273,20000000.00,30000000.00
18276,3000000.00,1500000.00
18329,2000000.00,1000000.00
18332,10000000.00,15000000.00
18469,20000000.00,30000000.00
18601,50000000.00,75000000.00
18814,50000000.00,75000000.00
18845,50000000.00,100000000.00
18876,3000000.00,1500000.00
18899,2000000.00,1000000.00
18929,10000000.00,5000000.00
19027,50000000.00,25000000.00
19085,10000000.00,15000000.00
19252,2000000.00,3000000.00
19363,50000000.00,25000000.00
19399,10000000.00,20000000.00
19550,20000000.00,30000000.00
19809,3000000.00,1500000.00
19827,3000000.00,4500000.00
19916,50000000.00,75000000.00
19983,3000000.00,4500000.00
20022,20000000.00,10000000.00
20030,10000000.00,5000000.00
20111,20000000.00,30000000.00
20126,3000000.00,6000000.00
20321,3000000.00,6000000.00
20360,10000000.00,15000000.00
20446,50000000.00,100000000.00
20554,50000000.00,75000000.00
20627,3000000.00,1500000.00
20746,50000000.00,100000000.00
20786,10000000.00,15000000.00
20868,3000000.00,6000000.00
20917,3000000.00,1500000.00
20935,50000000.00,75000000.00
20945,3000000.00,4500000.00
20947,50000000.00,25000000.00
20977,3000000.00,6000000.00
20982,3000000.00,6000000.00
21020,50000000.00,75000000.00
21121,2000000.00,3000000.00
21344,3000000.00,1500000.00
21476,2000000.00,3000000.00
21622,50000000.00,25000000.00
21638,10000000.00,5000000.00
21686,10000000.00,5000000.00
21703,3000000.00,1500000.00
21706,3000000.00,6000000.00
21738,3000000.00,4500000.00
21742,3000000.00,4500000.00
21808,20000000.00,30000000.00
21815,3000000.00,6000000.00
21816,3000000.00,1500000.00
21895,10000000.00,20000000.00
22135,3000000.00,4500000.00
22139,3000000.00,4500000.00
22209,2000000.00,4000000.00
22292,1000.00,2000.00
22296,3000000.00,1500000.00
22363,3000000.00,6000000.00
22570,2000000.00,1000000.00
22582,3000000.00,1500000.00
22645,20000000.00,30000000.00
22693,3000000.00,1500000.00
22846,3000000.00,6000000.00
22899,50000000.00,75000000.00
22905,20000000.00,40000000.00
23053,20000000.00,10000000.00
23225,3000000.00,6000000.00
23227,20000000.00,10000000.00
23307,10000000.00,15000000.00
23350,2000000.00,1000000.00
23446,3000000.00,1500000.00
23522,50000000.00,75000000.00
23550,3000000.00,1500000.00
23618,2000000.00,3000000.00
23700,3000000.00,6000000.00
23748,20000000.00,30000000.00
23791,3000000.00,6000000.00
23798,3000000.00,1500000.00
23895,10000000.00,20000000.00
23920,20000000.00,10000000.00
23986,3000000.00,1500000.00
23999,3000000.00,1500000.00
24064,3000000.00,6000000.00
24072,10000000.00,15000000.00
24180,3000000.00,4500000.00
24234,3000000.00,4500000.00
24273,10000000.00,5000000.00
24274,20000000.00,30000000.00
24321,20000000.00,40000000.00
24362,10000000.00,15000000.00
24366,1000.00,500.00
24368,3000000.00,1500000.00
24421,50000000.00,100000000.00
24547,20000000.00,10000000.00
24564,20000000.00,30000000.00
24570,3000000.00,6000000.00
24704,50000000.00,100000000.00
24712,20000000.00,40000000.00
24767,3000000.00,4500000.00
24813,20000000.00,10000000.00
24898,50000000.00,25000000.00
24917,20000000.00,40000000.00
25018,3000000.00,4500000.00
25052,2000000.00,4000000.00
25110,3000000.00,6000000.00
25560,10000000.00,5000000.00
25613,2000000.00,1000000.00
25709,3000000.00,6000000.00
25741,3000000.00,6000000.00
25986,3000000.00,6000000.00
26077,3000000.00,1500000.00
26133,3000000.00,1500000.00
26137,3000000.00,6000000.00
26176,3000000.00,1500000.00
26218,3000000.00,1500000.00
26306,20000000.00,10000000.00
26354,3000000.00,4500000.00
26372,3000000.00,4500000.00
26412,3000000.00,1500000.00
26436,20000000.00,30000000.00
26531,10000000.00,20000000.00
26591,3000000.00,4500000.00
26642,2000000.00,4000000.00
26847,3000000.00,4500000.00
26875,3000000.00,1500000.00
26922,3000000.00,4500000.00
26928,3000000.00,6000000.00
26976,50000000.00,25000000.00
27078,3000000.00,1500000.00
27139,50000000.00,75000000.00
27150,20000000.00,10000000.00
27198,10000000.00,20000000.00
27242,50000000.00,100000000.00
27458,3000000.00,1500000.00
27514,20000000.00,30000000.00
27527,2000000.00,1000000.00
27535,50000000.00,25000000.00
27542,3000000.00,6000000.00
27685,3000000.00,1500000.00
27754,3000000.00,6000000.00
27767,20000000.00,10000000.00
27876,50000000.00,25000000.00
27911,3000000.00,4500000.00
27919,3000000.00,1500000.00
27992,2000000.00,1000000.00
28055,3000000.00,4500000.00
28116,50000000.00,75000000.00
28122,20000000.00,40000000.00
28183,50000000.00,25000000.00
28207,50000000.00,25000000.00
28359,3000000.00,6000000.00
28372,50000000.00,75000000.00
28394,50000000.00,25000000.00
28397,10000000.00,5000000.00
28412,50000000.00,100000000.00
28463,20000000.00,40000000.00
28571,20000000.00,40000000.00
28706,10000000.00,20000000.00
28760,10000000.00,15000000.00
28826,2000000.00,3000000.00
29033,3000000.00,1500000.00
29236,20000000.00,30000000.00
29316,50000000.00,75000000.00
29354,3000000.00,4500000.00
29362,3000000.00,4500000.00
29369,20000000.00,10000000.00
29383,2000000.00,4000000.00
29447,3000000.00,4500000.00
29455,15000.00,30000.00
29531,3000000.00,6000000.00
29589,50000000.00,100000000.00
29591,3000000.00,4500000.00
29710,15000.00,30000.00
29780,3000000.00,6000000.00
29829,10000000.00,5000000.00
29846,10000000.00,5000000.00
29894,10000000.00,5000000.00
29905,50000000.00,25000000.00
29972,10000000.00,15000000.00
29988,50000000.00,25000000.00
29991,20000000.00,10000000.00
30019,20000000.00,10000000.00
30208,3000000.00,6000000.00
30234,2000000.00,4000000.00
30277,3000000.00,6000000.00
30295,20000000.00,30000000.00
30349,3000000.00,4500000.00
30432,3000000.00,6000000.00
30459,10000000.00,15000000.00
30486,3000000.00,4500000.00
30500,50000000.00,100000000.00
30503,50000000.00,100000000.00
30520,3000000.00,1500000.00
30523,50000000.00,100000000.00
30526,3000000.00,6000000.00
30583,50000000.00,100000000.00
30672,3000000.00,1500000.00
30827,3000000.00,1500000.00
30828,3000000.00,6000000.00
30946,10000000.00,15000000.00
30997,3000000.00,4500000.00
31059,20000000.00,10000000.00
31078,3000000.00,1500000.00
31143,3000000.00,4500000.00
31188,3000000.00,4500000.00
31397,3000000.00,1500000.00
31417,3000000.00,4500000.00
31429,3000000.00,6000000.00
31436,20000000.00,30000000.00
31473,3000000.00,4500000.00
31483,3000000.00,6000000.00
31729,20000000.00,10000000.00
31733,20000000.00,40000000.00
31799,2000000.00,1000000.00
31826,10000000.00,15000000.00
31842,10000000.00,20000000.00
31996,10000000.00,15000000.00
31998,3000000.00,1500000.00
32000,2000000.00,3000000.00
32020,3000000.00,4500000.00
32032,3000000.00,1500000.00
32068,3000000.00,4500000.00
32104,10000000.00,15000000.00
32106,10000000.00,15000000.00
32175,3000000.00,1500000.00
32336,3000000.00,4500000.00
32356,3000000.00,6000000.00
32373,3000000.00,4500000.00
32380,50000000.00,75000000.00
32446,3000000.00,4500000.00
32456,10000000.00,5000000.00
32477,3000000.00,1500000.00
32877,3000000.00,6000000.00
32884,20000000.00,10000000.00
33039,50000000.00,75000000.00
33059,3000000.00,6000000.00
33088,3000000.00,6000000.00
33120,20000000.00,40000000.00
33418,3000000.00,1500000.00
33496,3000000.00,4500000.00
33523,3000000.00,1500000.00
33553,3000000.00,6000000.00
33600,10000000.00,15000000.00
33624,10000000.00,5000000.00
33626,20000000.00,30000000.00
33925,20000000.00,10000000.00
34100,20000000.00,40000000.00
34109,50000000.00,100000000.00
34119,3000000.00,4500000.00
34237,2000000.00,1000000.00
34242,20000000.00,40000000.00
34320,50000000.00,25000000.00
34402,10000000.00,5000000.00
34435,20000000.00,40000000.00
34443,50000000.00,75000000.00
34449,20000000.00,30000000.00
34562,10000000.00,20000000.00
34588,3000000.00,4500000.00
34634,3000000.00,4500000.00
34680,20000000.00,40000000.00
34681,3000000.00,4500000.00
34698,3000000.00,1500000.00
34703,50000000.00,100000000.00
34708,50000000.00,25000000.00
34713,50000000.00,75000000.00
34762,3000000.00,6000000.00
34763,3000000.00,6000000.00
34917,3000000.00,6000000.00
34952,20000000.00,40000000.00
34977,3000000.00,1500000.00
35007,10000000.00,5000000.00
35055,50000000.00,100000000.00
35060,50000000.00,25000000.00
35122,50000000.00,25000000.00
35150,20000000.00,10000000.00
35161,3000000.00,6000000.00
35165,50000000.00,100000000.00
35208,3000000.00,1500000.00
35211,3000000.00,1500000.00
35251,10000000.00,5000000.00
35265,3000000.00,4500000.00
35278,1000.00,500.00
35292,3000000.00,4500000.00
35313,3000000.00,4500000.00
35374,50000000.00,100000000.00
35474,50000000.00,100000000.00
35564,50000000.00,100000000.00
35689,50000000.00,100000000.00
35855,2000000.00,1000000.00
35914,10000000.00,5000000.00
35932,3000000.00,1500000.00
35991,10000000.00,5000000.00
35992,2000000.00,1000000.00
36016,3000000.00,4500000.00
36044,20000000.00,30000000.00
36049,3000000.00,6000000.00
36103,3000000.00,4500000.00
36104,2000000.00,4000000.00
36141,3000000.00,6000000.00
36146,50000000.00,100000000.00
36201,10000000.00,5000000.00
36265,3000000.00,1500000.00
36266,3000000.00,4500000.00
36288,50000000.00,25000000.00
36378,50000000.00,25000000.00
36406,3000000.00,1500000.00
36451,50000000.00,100000000.00
36500,3000000.00,4500000.00
36539,3000000.00,6000000.00
36557,50000000.00,75000000.00
36578,3000000.00,4500000.00
36636,3000000.00,4500000.00
36677,3000000.00,4500000.00
36702,10000000.00,5000000.00
36725,3000000.00,4500000.00
36745,20000000.00,10000000.00
36832,3000000.00,6000000.00
36838,3000000.00,1500000.00
36918,3000000.00,6000000.00
37004,20000000.00,30000000.00
37036,2000000.00,1000000.00
37047,3000000.00,1500000.00
37051,20000000.00,10000000.00
37071,2000000.00,3000000.00
37132,10000000.00,5000000.00
37181,20000000.00,40000000.00
37183,50000000.00,75000000.00
37185,3000000.00,4500000.00
37203,50000000.00,25000000.00
37227,20000000.00,30000000.00
37363,2000000.00,4000000.00
37441,50000000.00,100000000.00
37458,50000000.00,25000000.00
37521,50000000.00,25000000.00
37523,3000000.00,4500000.00
37546,3000000.00,4500000.00
37548,3000000.00,6000000.00
37628,50000000.00,100000000.00
37657,3000000.00,4500000.00
37663,3000000.00,4500000.00
37699,3000000.00,6000000.00
37756,3000000.00,1500000.00
37820,3000000.00,4500000.00
37838,3000000.00,4500000.00
37840,3000000.00,4500000.00
37877,3000000.00,4500000.00
37936,3000000.00,4500000.00
38044,10000000.00,20000000.00
38048,3000000.00,1500000.00
38089,3000000.00,4500000.00
38170,2000000.00,4000000.00
38171,2000000.00,4000000.00
38286,3000000.00,6000000.00
38313,50000000.00,75000000.00
38319,3000000.00,1500000.00
38366,3000000.00,6000000.00
38403,20000000.00,30000000.00
38406,3000000.00,6000000.00
38419,20000000.00,30000000.00
38422,50000000.00,100000000.00
38433,20000000.00,30000000.00
38562,3000000.00,6000000.00
38611,3000000.00,1500000.00
38668,3000000.00,4500000.00
38681,2000000.00,1000000.00
38698,3000000.00,1500000.00
38765,10000000.00,15000000.00
38767,10000000.00,5000000.00
38774,20000000.00,30000000.00
38782,20000000.00,30000000.00
38879,20000000.00,10000000.00
38884,3000000.00,6000000.00
38892,3000000.00,1500000.00
38904,3000000.00,6000000.00
38957,10000000.00,20000000.00
39020,3000000.00,1500000.00
39086,3000000.00,1500000.00
39126,3000000.00,6000000.00
39166,20000000.00,40000000.00
39214,3000000.00,1500000.00
39348,3000000.00,6000000.00
39467,2000000.00,3000000.00
39475,3000000.00,4500000.00
39478,20000000.00,40000000.00
39563,20000000.00,10000000.00
39565,50000000.00,75000000.00
39569,3000000.00,4500000.00
39597,50000000.00,25000000.00
39598,3000000.00,4500000.00
39652,10000000.00,15000000.00
39668,50000000.00,100000000.00
39677,3000000.00,1500000.00
39712,3000000.00,4500000.00
39718,3000000.00,1500000.00
39733,3000000.00,6000000.00
39808,3000000.00,4500000.00
39817,2000000.00,4000000.00
39891,10000000.00,15000000.00
39915,20000000.00,40000000.00
39980,50000000.00,100000000.00
39999,3000000.00,1500000.00
40067,50000000.00,100000000.00
40087,20000000.00,10000000.00
40121,2000000.00,3000000.00
40122,50000000.00,25000000.00
40129,50000000.00,75000000.00
40193,3000000.00,6000000.00
40198,10000000.00,15000000.00
40217,10000000.00,20000000.00
40290,50000000.00,100000000.00
40359,10000000.00,5000000.00
40392,3000000.00,1500000.00
40403,20000000.00,40000000.00
40484,3000000.00,4500000.00
40530,10000000.00,15000000.00
40551,10000000.00,15000000.00
40586,10000000.00,15000000.00
40598,20000000.00,30000000.00
40602,50000000.00,75000000.00
40620,20000000.00,10000000.00
40734,10000000.00,15000000.00
40741,3000000.00,6000000.00
40743,3000000.00,6000000.00
40746,15000.00,22500.00
40756,3000000.00,1500000.00
40767,3000000.00,1500000.00
40773,50000000.00,75000000.00
40775,20000000.00,30000000.00
40859,20000000.00,40000000.00
40998,3000000.00,6000000.00
41072,10000000.00,5000000.00
41135,50000000.00,75000000.00
41173,3000000.00,4500000.00
41215,3000000.00,6000000.00
41240,2000000.00,1000000.00
41287,50000000.00,75000000.00
41435,50000000.00,75000000.00
41512,3000000.00,6000000.00
41527,2000000.00,1000000.00
41579,3000000.00,4500000.00
41653,50000000.00,25000000.00
41688,50000000.00,25000000.00
41745,20000000.00,40000000.00
41836,3000000.00,4500000.00
41896,50000000.00,100000000.00
41920,50000000.00,100000000.00
41937,20000000.00,10000000.00
41942,50000000.00,75000000.00
41946,10000000.00,5000000.00
41959,50000000.00,25000000.00
41968,50000000.00,75000000.00
42069,10000000.00,15000000.00
42144,3000000.00,4500000.00
42206,50000000.00,100000000.00
42235,3000000.00,6000000.00
42236,50000000.00,100000000.00
42264,10000000.00,20000000.00
42284,50000000.00,75000000.00
42301,3000000.00,1500000.00
42382,50000000.00,75000000.00
42391,3000000.00,1500000.00
42404,10000000.00,5000000.00
42411,2000000.00,4000000.00
42421,3000000.00,4500000.00
42422,3000000.00,1500000.00
42586,10000000.00,15000000.00
42596,20000000.00,40000000.00
42647,20000000.00,10000000.00
42651,10000000.00,20000000.00
42747,2000000.00,3000000.00
42762,3000000.00,6000000.00
42810,50000000.00,25000000.00
42843,3000000.00,4500000.00
42884,3000000.00,6000000.00
42885,50000000.00,75000000.00
42899,50000000.00,75000000.00
42936,3000000.00,4500000.00
42943,20000000.00,10000000.00
43008,20000000.00,30000000.00
43045,50000000.00,100000000.00
43126,3000000.00,4500000.00
43128,20000000.00,10000000.00
43172,10000000.00,20000000.00
43209,3000000.00,1500000.00
43256,3000000.00,6000000.00
43308,10000000.00,15000000.00
43335,50000000.00,100000000.00
43337,3000000.00,1500000.00
43339,50000000.00,75000000.00
43403,3000000.00,1500000.00
43427,3000000.00,4500000.00
43469,20000000.00,40000000.00
43482,50000000.00,75000000.00
43504,10000000.00,15000000.00
43530,3000000.00,4500000.00
43594,20000000.00,10000000.00
43687,3000000.00,4500000.00
43823,20000000.00,10000000.00
43852,10000000.00,15000000.00
43882,3000000.00,4500000.00
43890,3000000.00,1500000.00
43900,3000000.00,4500000.00
43907,3000000.00,6000000.00
43992,3000000.00,6000000.00
44006,20000000.00,30000000.00
44027,20000000.00,10000000.00
44224,20000000.00,40000000.00
44250,10000000.00,15000000.00
44325,3000000.00,6000000.00
44354,3000000.00,4500000.00
44388,20000000.00,10000000.00
44465,3000000.00,4500000.00
44470,3000000.00,4500000.00
44607,20000000.00,40000000.00
44609,3000000.00,1500000.00
44672,50000000.00,100000000.00
44675,3000000.00,1500000.00
44763,50000000.00,75000000.00
44966,3000000.00,6000000.00
45059,3000000.00,1500000.00
45085,20000000.00,10000000.00
45132,20000000.00,30000000.00
45179,20000000.00,30000000.00
45215,3000000.00,1500000.00
45286,3000000.00,6000000.00
45360,3000000.00,6000000.00
45377,10000000.00,20000000.00
45466,3000000.00,1500000.00
45468,50000000.00,75000000.00
45516,2000000.00,3000000.00
45522,15000.00,7500.00
45597,3000000.00,4500000.00
45608,20000000.00,10000000.00
45639,50000000.00,100000000.00
45642,10000000.00,5000000.00
45662,1000.00,1500.00
45711,10000000.00,20000000.00
45866,50000000.00,25000000.00
45948,20000000.00,30000000.00
45981,50000000.00,75000000.00
45988,3000000.00,1500000.00
46064,10000000.00,20000000.00
46135,3000000.00,1500000.00
46197,3000000.00,1500000.00
46258,50000000.00,25000000.00
46284,50000000.00,100000000.00
46320,3000000.00,1500000.00
46421,2000000.00,4000000.00
46505,50000000.00,25000000.00
46519,2000000.00,4000000.00
46601,3000000.00,6000000.00
46632,50000000.00,100000000.00
46710,3000000.00,6000000.00
46747,3000000.00,6000000.00
46778,20000000.00,40000000.00
46790,10000000.00,20000000.00
46906,3000000.00,6000000.00
46929,3000000.00,6000000.00
46966,3000000.00,4500000.00
46972,50000000.00,25000000.00
46996,3000000.00,4500000.00
47006,3000000.00,6000000.00
47073,3000000.00,4500000.00
47091,2000000.00,1000000.00
47119,20000000.00,30000000.00
47157,15000.00,22500.00
47179,3000000.00,6000000.00
47226,50000000.00,100000000.00
47274,3000000.00,1500000.00
47344,2000000.00,3000000.00
47426,10000000.00,20000000.00
47432,20000000.00,30000000.00
47525,50000000.00,25000000.00
47531,3000000.00,6000000.00
47564,20000000.00,30000000.00
47594,2000000.00,3000000.00
47813,1000.00,500.00
47837,50000000.00,100000000.00
47844,3000000.00,1500000.00
47951,20000000.00,30000000.00
47955,20000000.00,30000000.00
47972,50000000.00,25000000.00
47984,3000000.00,6000000.00
48019,3000000.00,6000000.00
48077,20000000.00,40000000.00
48121,3000000.00,1500000.00
48182,2000000.00,1000000.00
48190,10000000.00,15000000.00
48199,2000000.00,3000000.00
48255,3000000.00,4500000.00
48260,3000000.00,4500000.00
48264,10000000.00,15000000.00
48589,50000000.00,100000000.00
48594,3000000.00,4500000.00
48608,3000000.00,6000000.00
48953,2000000.00,3000000.00
49056,50000000.00,25000000.00
49126,10000000.00,15000000.00
49151,3000000.00,4500000.00
49157,3000000.00,4500000.00
49169,20000000.00,40000000.00
49178,3000000.00,6000000.00
49196,3000000.00,4500000.00
49224,10000000.00,20000000.00
49392,50000000.00,75000000.00
49417,50000000.00,25000000.00
49424,3000000.00,6000000.00
49531,3000000.00,1500000.00
49571,3000000.00,4500000.00
49589,50000000.00,100000000.00
49612,20000000.00,40000000.00
49623,3000000.00,6000000.00
49632,10000000.00,5000000.00
49661,50000000.00,25000000.00
49679,20000000.00,30000000.00
49683,20000000.00,40000000.00
49697,50000000.00,25000000.00
49763,50000000.00,25000000.00
49766,10000000.00,15000000.00
49778,3000000.00,4500000.00
49795,3000000.00,1500000.00
49821,3000000.00,6000000.00
49824,50000000.00,75000000.00
49890,3000000.00,1500000.00
49914,3000000.00,1500000.00
49938,3000000.00,1500000.00
49961,20000000.00,10000000.00
50100,3000000.00,6000000.00
50111,3000000.00,6000000.00
50138,3000000.00,4500000.00
50303,3000000.00,4500000.00
50322,20000000.00,40000000.00
50332,3000000.00,1500000.00
50388,20000000.00,30000000.00
50396,50000000.00,25000000.00
50432,10000000.00,15000000.00
50469,50000000.00,75000000.00
50623,50000000.00,100000000.00
50630,3000000.00,1500000.00
50644,10000000.00,15000000.00
50716,50000000.00,25000000.00
50794,10000000.00,15000000.00
50828,3000000.00,4500000.00
50841,3000000.00,4500000.00
50848,20000000.00,10000000.00
50868,50000000.00,25000000.00
50930,2000000.00,4000000.00
50991,3000000.00,6000000.00
50993,3000000.00,4500000.00
51047,50000000.00,100000000.00
51168,3000000.00,1500000.00
51206,3000000.00,1500000.00
51223,50000000.00,100000000.00
51246,3000000.00,6000000.00
51280,10000000.00,15000000.00
51311,50000000.00,25000000.00
51368,3000000.00,1500000.00
51414,20000000.00,30000000.00
51443,10000000.00,15000000.00
51451,20000000.00,40000000.00
51488,3000000.00,1500000.00
51493,3000000.00,4500000.00
51495,3000000.00,6000000.00
51514,50000000.00,100000000.00
51539,3000000.00,4500000.00
51653,50000000.00,25000000.00
51671,50000000.00,25000000.00
51676,2000000.00,1000000.00
51707,2000000.00,1000000.00
51716,3000000.00,1500000.00
51793,20000000.00,30000000.00
51798,2000000.00,3000000.00
51836,3000000.00,4500000.00
51942,2000000.00,1000000.00
51961,3000000.00,4500000.00
51966,10000000.00,15000000.00
51979,3000000.00,1500000.00
51986,10000000.00,15000000.00
52023,50000000.00,25000000.00
52049,20000000.00,30000000.00
52084,1000.00,500.00
52102,10000000.00,5000000.00
52137,10000000.00,20000000.00
52224,3000000.00,1500000.00
52240,3000000.00,4500000.00
52272,50000000.00,75000000.00
52298,2000000.00,4000000.00
52381,20000000.00,40000000.00
52401,2000000.00,1000000.00
52538,20000000.00,10000000.00
52540,3000000.00,4500000.00
52544,3000000.00,1500000.00
52553,3000000.00,4500000.00
52633,10000000.00,5000000.00
52685,3000000.00,4500000.00
52718,3000000.00,1500000.00
52741,50000000.00,25000000.00
52754,3000000.00,6000000.00
52805,10000000.00,20000000.00
52807,3000000.00,1500000.00
52880,3000000.00,1500000.00
53003,20000000.00,30000000.00
53061,10000000.00,20000000.00
53142,50000000.00,100000000.00
53150,20000000.00,10000000.00
53261,3000000.00,6000000.00
53294,50000000.00,75000000.00
53341,20000000.00,10000000.00
53342,50000000.00,100000000.00
53348,20000000.00,30000000.00
53355,3000000.00,6000000.00
53378,10000000.00,20000000.00
53399,3000000.00,6000000.00
53439,3000000.00,1500000.00
53543,50000000.00,100000000.00
53612,20000000.00,30000000.00
53640,20000000.00,40000000.00
53757,20000000.00,10000000.00
53763,3000000.00,4500000.00
53788,50000000.00,25000000.00
53807,3000000.00,4500000.00
53814,3000000.00,1500000.00
53833,3000000.00,1500000.00
53858,50000000.00,25000000.00
53861,3000000.00,1500000.00
53926,10000000.00,20000000.00
53927,20000000.00,30000000.00
53932,3000000.00,6000000.00
54030,2000000.00,1000000.00
54162,3000000.00,6000000.00
54207,10000000.00,15000000.00
54230,10000000.00,5000000.00
54311,3000000.00,1500000.00
54378,3000000.00,1500000.00
54411,50000000.00,75000000.00
54546,10000000.00,15000000.00
54568,3000000.00,6000000.00
54604,10000000.00,5000000.00
54631,3000000.00,6000000.00
54673,20000000.00,10000000.00
54728,3000000.00,1500000.00
54783,20000000.00,10000000.00
54787,3000000.00,6000000.00
54800,50000000.00,75000000.00
54806,10000000.00,20000000.00
54876,10000000.00,20000000.00
54940,3000000.00,1500000.00
54948,20000000.00,10000000.00
54950,50000000.00,75000000.00
54951,3000000.00,1500000.00
54952,3000000.00,1500000.00
54998,3000000.00,6000000.00
55017,3000000.00,4500000.00
55228,50000000.00,100000000.00
55288,50000000.00,25000000.00
55289,3000000.00,6000000.00
55318,3000000.00,6000000.00
55354,10000000.00,20000000.00
55384,10000000.00,5000000.00
55458,3000000.00,6000000.00
55462,3000000.00,6000000.00
55478,2000000.00,1000000.00
55622,10000000.00,20000000.00
55654,10000000.00,20000000.00
55797,3000000.00,1500000.00
55809,10000000.00,15000000.00
55905,50000000.00,75000000.00
56007,3000000.00,6000000.00
56017,20000000.00,40000000.00
56029,3000000.00,4500000.00
56060,50000000.00,25000000.00
56102,2000000.00,4000000.00
56120,3000000.00,4500000.00
56127,3000000.00,1500000.00
56179,3000000.00,4500000.00
56202,2000000.00,4000000.00
56219,50000000.00,25000000.00
56223,2000000.00,3000000.00
56261,10000000.00,20000000.00
56290,1000.00,1500.00
56331,20000000.00,40000000.00
56346,10000000.00,20000000.00
56404,3000000.00,6000000.00
56410,20000000.00,10000000.00
56420,20000000.00,10000000.00
56450,3000000.00,1500000.00
56474,20000000.00,40000000.00
56483,50000000.00,25000000.00
56489,50000000.00,75000000.00
56531,2000000.00,4000000.00
56540,3000000.00,4500000.00
56586,10000000.00,15000000.00
56597,2000000.00,1000000.00
56659,10000000.00,20000000.00
56661,3000000.00,6000000.00
56680,3000000.00,1500000.00
56785,20000000.00,30000000.00
56948,3000000.00,6000000.00
57039,3000000.00,1500000.00
57095,10000000.00,20000000.00
57111,3000000.00,4500000.00
57149,50000000.00,100000000.00
57377,50000000.00,100000000.00
57416,3000000.00,1500000.00
57426,50000000.00,75000000.00
57458,10000000.00,20000000.00
57463,20000000.00,10000000.00
57532,3000000.00,4500000.00
57545,3000000.00,4500000.00
57561,20000000.00,10000000.00
57564,50000000.00,100000000.00
57610,50000000.00,75000000.00
57613,50000000.00,100000000.00
57632,3000000.00,1500000.00
57680,20000000.00,30000000.00
57720,3000000.00,6000000.00
57779,3000000.00,6000000.00
57800,50000000.00,100000000.00
57808,2000000.00,4000000.00
57855,3000000.00,6000000.00
57865,10000000.00,5000000.00
57886,50000000.00,100000000.00
57890,3000000.00,1500000.00
57920,50000000.00,25000000.00
57921,50000000.00,25000000.00
57946,3000000.00,6000000.00
57981,50000000.00,100000000.00
58028,3000000.00,1500000.00
58031,20000000.00,30000000.00
58047,20000000.00,10000000.00
58057,50000000.00,25000000.00
58063,20000000.00,10000000.00
58080,3000000.00,6000000.00
58101,2000000.00,3000000.00
58211,3000000.00,1500000.00
58288,10000000.00,15000000.00
58289,3000000.00,6000000.00
58317,3000000.00,1500000.00
58407,3000000.00,1500000.00
58504,3000000.00,4500000.00
58560,3000000.00,4500000.00
58574,3000000.00,6000000.00
58609,2000000.00,3000000.00
58657,3000000.00,6000000.00
58661,3000000.00,1500000.00
58690,10000000.00,5000000.00
58733,10000000.00,15000000.00
58845,50000000.00,100000000.00
58847,2000000.00,3000000.00
58849,20000000.00,30000000.00
58856,20000000.00,10000000.00
58858,20000000.00,40000000.00
58886,10000000.00,5000000.00
58926,10000000.00,20000000.00
59056,10000000.00,20000000.00
59144,20000000.00,40000000.00
59232,3000000.00,6000000.00
59241,2000000.00,3000000.00
59260,3000000.00,4500000.00
59266,3000000.00,4500000.00
59273,20000000.00,10000000.00
59324,20000000.00,10000000.00
59355,3000000.00,4500000.00
59396,3000000.00,4500000.00
59405,20000000.00,30000000.00
59433,10000000.00,15000000.00
59476,20000000.00,10000000.00
59483,3000000.00,6000000.00
59490,3000000.00,1500000.00
59503,10000000.00,5000000.00
59533,10000000.00,5000000.00
59601,50000000.00,100000000.00
59620,2000000.00,4000000.00
59747,50000000.00,100000000.00
59748,50000000.00,75000000.00
59778,1000.00,2000.00
59800,20000000.00,10000000.00
59850,20000000.00,30000000.00
59880,3000000.00,4500000.00
59925,50000000.00,75000000.00
59975,20000000.00,10000000.00
60132,3000000.00,6000000.00
60184,20000000.00,30000000.00
60187,3000000.00,4500000.00
60208,50000000.00,75000000.00
60223,10000000.00,15000000.00
60252,50000000.00,75000000.00
60291,2000000.00,1000000.00
60296,2000000.00,1000000.00
60310,50000000.00,100000000.00
60393,20000000.00,30000000.00
60409,3000000.00,6000000.00
60451,50000000.00,100000000.00
60455,3000000.00,6000000.00
60534,2000000.00,1000000.00
60603,50000000.00,100000000.00
60651,50000000.00,25000000.00
60671,3000000.00,1500000.00
60726,3000000.00,1500000.00
60843,50000000.00,25000000.00
60859,20000000.00,10000000.00
60860,3000000.00,1500000.00
60902,3000000.00,1500000.00
60945,3000000.00,1500000.00
60950,10000000.00,15000000.00
61009,10000000.00,20000000.00
61018,50000000.00,100000000.00
61078,10000000.00,5000000.00
61122,50000000.00,75000000.00
61181,3000000.00,6000000.00
61222,20000000.00,40000000.00
61232,10000000.00,20000000.00
61244,50000000.00,25000000.00
61267,10000000.00,15000000.00
61275,15000.00,7500.00
61299,3000000.00,1500000.00
61408,20000000.00,30000000.00
61433,10000000.00,15000000.00
61467,3000000.00,1500000.00
61522,50000000.00,25000000.00
61592,20000000.00,40000000.00
61608,3000000.00,6000000.00
61651,3000000.00,6000000.00
61706,3000000.00,6000000.00
61775,50000000.00,100000000.00
61780,20000000.00,40000000.00
61838,50000000.00,75000000.00
61855,3000000.00,6000000.00
61902,3000000.00,6000000.00
61954,20000000.00,10000000.00
61996,3000000.00,1500000.00
61998,3000000.00,6000000.00
62002,3000000.00,6000000.00
62038,10000000.00,20000000.00
62075,2000000.00,4000000.00
62084,3000000.00,1500000.00
62123,50000000.00,25000000.00
62227,15000.00,7500.00
62251,3000000.00,6000000.00
62260,3000000.00,6000000.00
62267,50000000.00,100000000.00
62276,10000000.00,5000000.00
62311,20000000.00,30000000.00
62312,10000000.00,5000000.00
62316,1000.00,500.00
62330,20000000.00,40000000.00
62335,50000000.00,75000000.00
62348,20000000.00,30000000.00
62483,3000000.00,1500000.00
62488,3000000.00,1500000.00
62536,3000000.00,1500000.00
62606,20000000.00,10000000.00
62650,50000000.00,25000000.00
62757,50000000.00,25000000.00
62913,20000000.00,40000000.00
62947,3000000.00,4500000.00
62963,3000000.00,1500000.00
63000,3000000.00,1500000.00
63012,20000000.00,40000000.00
63020,20000000.00,40000000.00
63177,15000.00,30000.00
63219,50000000.00,100000000.00
63236,20000000.00,30000000.00
63298,3000000.00,1500000.00
63318,50000000.00,25000000.00
63349,20000000.00,30000000.00
63453,50000000.00,100000000.00
63456,20000000.00,40000000.00
63503,3000000.00,4500000.00
63556,10000000.00,20000000.00
63561,10000000.00,15000000.00
63587,20000000.00,10000000.00
63600,20000000.00,30000000.00
63673,3000000.00,6000000.00
63676,3000000.00,4500000.00
63703,10000000.00,15000000.00
63748,20000000.00,40000000.00
63777,50000000.00,100000000.00
63798,50000000.00,25000000.00
63852,3000000.00,1500000.00
63894,10000000.00,5000000.00
63918,10000000.00,20000000.00
63967,50000000.00,100000000.00
63989,50000000.00,75000000.00
64004,3000000.00,6000000.00
64046,20000000.00,10000000.00
64119,10000000.00,5000000.00
64125,3000000.00,1500000.00
64181,3000000.00,6000000.00
64227,2000000.00,3000000.00
64240,10000000.00,15000000.00
64277,20000000.00,40000000.00
64443,20000000.00,30000000.00
64472,3000000.00,1500000.00
64493,20000000.00,30000000.00
64511,3000000.00,6000000.00
64518,50000000.00,100000000.00
64541,3000000.00,1500000.00
64542,3000000.00,1500000.00
64586,20000000.00,30000000.00
64635,50000000.00,100000000.00
64684,20000000.00,10000000.00
64779,3000000.00,1500000.00
64822,3000000.00,6000000.00
64887,1000.00,1500.00
64899,50000000.00,100000000.00
64911,3000000.00,6000000.00
64933,20000000.00,10000000.00
64952,20000000.00,40000000.00
64957,20000000.00,40000000.00
64985,20000000.00,30000000.00
65153,20000000.00,40000000.00
65158,50000000.00,25000000.00
65235,3000000.00,1500000.00
65354,20000000.00,10000000.00
65422,20000000.00,30000000.00
65440,2000000.00,1000000.00
65548,3000000.00,1500000.00
65608,3000000.00,4500000.00
65622,3000000.00,4500000.00
65696,50000000.00,25000000.00
65754,10000000.00,15000000.00
65758,20000000.00,40000000.00
65759,50000000.00,100000000.00
65766,3000000.00,4500000.00
65839,50000000.00,25000000.00
65897,10000000.00,5000000.00
65929,3000000.00,6000000.00
65944,3000000.00,6000000.00
65949,20000000.00,40000000.00
65995,20000000.00,40000000.00
66005,3000000.00,1500000.00
66056,3000000.00,1500000.00
66087,50000000.00,100000000.00
66145,3000000.00,1500000.00
66154,50000000.00,25000000.00
66168,10000000.00,5000000.00
66173,3000000.00,6000000.00
66269,3000000.00,4500000.00
66290,3000000.00,4500000.00
66361,3000000.00,6000000.00
66369,10000000.00,15000000.00
66387,50000000.00,100000000.00
66394,20000000.00,30000000.00
66420,50000000.00,25000000.00
66428,50000000.00,25000000.00
66456,3000000.00,1500000.00
66482,3000000.00,1500000.00
66500,3000000.00,6000000.00
66570,3000000.00,4500000.00
66613,20000000.00,30000000.00
66633,3000000.00,6000000.00
66648,20000000.00,40000000.00
66731,20000000.00,40000000.00
66795,50000000.00,100000000.00
66803,3000000.00,6000000.00
66931,50000000.00,100000000.00
66945,50000000.00,75000000.00
66997,10000000.00,20000000.00
67036,3000000.00,1500000.00
67058,3000000.00,6000000.00
67126,10000000.00,20000000.00
67141,10000000.00,15000000.00
67164,3000000.00,6000000.00
67195,3000000.00,6000000.00
67317,3000000.00,6000000.00
67328,50000000.00,100000000.00
67440,20000000.00,40000000.00
67478,50000000.00,25000000.00
67495,3000000.00,4500000.00
67502,10000000.00,15000000.00
67583,3000000.00,4500000.00
67615,50000000.00,100000000.00
67668,20000000.00,40000000.00
67711,50000000.00,75000000.00
67715,3000000.00,4500000.00
67771,50000000.00,25000000.00
67793,50000000.00,75000000.00
67811,3000000.00,1500000.00
67816,3000000.00,1500000.00
67833,50000000.00,75000000.00
67886,20000000.00,10000000.00
67890,3000000.00,4500000.00
67902,20000000.00,10000000.00
67905,20000000.00,30000000.00
67917,3000000.00,4500000.00
67965,3000000.00,1500000.00
67967,10000000.00,20000000.00
67990,10000000.00,20000000.00
68026,50000000.00,25000000.00
68072,3000000.00,6000000.00
68144,20000000.00,10000000.00
68220,3000000.00,4500000.00
68240,3000000.00,4500000.00
68258,20000000.00,30000000.00
68271,20000000.00,30000000.00
68308,50000000.00,75000000.00
68326,3000000.00,1500000.00
68353,3000000.00,4500000.00
68397,50000000.00,100000000.00
68456,50000000.00,25000000.00
68465,3000000.00,6000000.00
68488,3000000.00,1500000.00
68554,3000000.00,4500000.00
68556,10000000.00,20000000.00
68593,3000000.00,1500000.00
68624,50000000.00,100000000.00
68670,3000000.00,1500000.00
68742,50000000.00,25000000.00
68782,3000000.00,1500000.00
68808,20000000.00,30000000.00
68875,20000000.00,30000000.00
68957,3000000.00,1500000.00
69061,50000000.00,100000000.00
69066,10000000.00,5000000.00
69152,3000000.00,1500000.00
69203,10000000.00,15000000.00
69211,3000000.00,4500000.00
69212,3000000.00,6000000.00
69250,10000000.00,20000000.00
69264,3000000.00,1500000.00
69267,3000000.00,1500000.00
69272,3000000.00,1500000.00
69320,1000.00,500.00
69321,10000000.00,5000000.00
69374,10000000.00,15000000.00
69383,20000000.00,10000000.00
69407,50000000.00,100000000.00
69425,50000000.00,75000000.00
69432,3000000.00,4500000.00
69453,3000000.00,4500000.00
69465,3000000.00,1500000.00
69500,50000000.00,75000000.00
69525,20000000.00,10000000.00
69566,20000000.00,40000000.00
69581,20000000.00,10000000.00
69596,50000000.00,75000000.00
69697,50000000.00,75000000.00
69736,2000000.00,1000000.00
69771,20000000.00,10000000.00
69853,20000000.00,30000000.00
70000,3000000.00,4500000.00
70081,3000000.00,1500000.00
70116,20000000.00,40000000.00
70123,10000000.00,20000000.00
70136,50000000.00,100000000.00
70174,3000000.00,1500000.00
70178,3000000.00,4500000.00
70192,20000000.00,40000000.00
70203,20000000.00,40000000.00
70212,3000000.00,6000000.00
70223,2000000.00,1000000.00
70234,50000000.00,100000000.00
70242,3000000.00,1500000.00
70247,50000000.00,100000000.00
70257,3000000.00,6000000.00
70273,10000000.00,5000000.00
70303,50000000.00,100000000.00
70309,3000000.00,6000000.00
70372,20000000.00,30000000.00
70471,20000000.00,40000000.00
70486,3000000.00,1500000.00
70490,10000000.00,20000000.00
70521,3000000.00,4500000.00
70636,2000000.00,3000000.00
70650,50000000.00,75000000.00
70713,10000000.00,20000000.00
70723,10000000.00,20000000.00
70749,50000000.00,25000000.00
70887,3000000.00,4500000.00
70976,3000000.00,6000000.00
70979,3000000.00,1500000.00
70982,3000000.00,1500000.00
70990,3000000.00,6000000.00
71012,3000000.00,4500000.00
71121,3000000.00,6000000.00
71292,20000000.00,30000000.00
71293,20000000.00,30000000.00
71297,10000000.00,20000000.00
71305,20000000.00,30000000.00
71308,3000000.00,6000000.00
71311,50000000.00,100000000.00
71314,50000000.00,75000000.00
71340,3000000.00,4500000.00
71352,3000000.00,4500000.00
71415,50000000.00,100000000.00
71416,3000000.00,4500000.00
71438,50000000.00,75000000.00
71473,50000000.00,75000000.00
71547,50000000.00,25000000.00
71561,3000000.00,4500000.00
71587,15000.00,30000.00
71613,20000000.00,30000000.00
71640,3000000.00,4500000.00
71680,3000000.00,4500000.00
71730,20000000.00,40000000.00
71733,50000000.00,75000000.00
71758,20000000.00,40000000.00
71799,20000000.00,40000000.00
71817,50000000.00,100000000.00
71877,10000000.00,5000000.00
71889,3000000.00,4500000.00
71894,20000000.00,10000000.00
71899,3000000.00,4500000.00
71908,3000000.00,4500000.00
72004,50000000.00,25000000.00
72072,20000000.00,30000000.00
72083,20000000.00,10000000.00
72137,50000000.00,100000000.00
72161,3000000.00,4500000.00
72205,20000000.00,10000000.00
72229,10000000.00,15000000.00
72264,3000000.00,6000000.00
72272,3000000.00,6000000.00
72290,50000000.00,100000000.00
72328,20000000.00,40000000.00
72341,3000000.00,4500000.00
72352,50000000.00,100000000.00
72410,20000000.00,10000000.00
72442,3000000.00,1500000.00
72447,3000000.00,6000000.00
72449,3000000.00,6000000.00
72473,3000000.00,4500000.00
72495,3000000.00,6000000.00
72502,50000000.00,100000000.00
72702,3000000.00,6000000.00
72979,20000000.00,10000000.00
72993,3000000.00,6000000.00
72994,2000000.00,4000000.00
73047,3000000.00,4500000.00
73057,20000000.00,10000000.00
73063,20000000.00,30000000.00
73098,3000000.00,1500000.00
73157,2000000.00,4000000.00
73209,10000000.00,5000000.00
73285,3000000.00,4500000.00
73323,2000000.00,3000000.00
73334,20000000.00,30000000.00
73344,3000000.00,6000000.00
73346,3000000.00,6000000.00
73382,3000000.00,1500000.00
73428,3000000.00,4500000.00
73438,50000000.00,75000000.00
73478,10000000.00,20000000.00
73605,3000000.00,1500000.00
73608,20000000.00,30000000.00
73659,3000000.00,6000000.00
73698,50000000.00,75000000.00
73713,50000000.00,25000000.00
73759,10000000.00,15000000.00
73767,3000000.00,1500000.00
73781,50000000.00,100000000.00
73783,10000000.00,15000000.00
73808,50000000.00,100000000.00
73818,3000000.00,6000000.00
73832,50000000.00,75000000.00
73833,2000000.00,4000000.00
73867,10000000.00,5000000.00
73869,20000000.00,40000000.00
73991,3000000.00,1500000.00
74030,3000000.00,6000000.00
74037,3000000.00,4500000.00
74100,3000000.00,6000000.00
74104,50000000.00,75000000.00
74156,50000000.00,100000000.00
74239,20000000.00,40000000.00
74241,20000000.00,30000000.00
74260,10000000.00,5000000.00
74294,50000000.00,100000000.00
74341,3000000.00,1500000.00
74385,50000000.00,25000000.00
74395,50000000.00,25000000.00
74405,3000000.00,6000000.00
74435,50000000.00,25000000.00
74473,3000000.00,4500000.00
74483,50000000.00,100000000.00
74488,10000000.00,5000000.00
74490,20000000.00,40000000.00
74555,3000000.00,1500000.00
74565,20000000.00,30000000.00
74676,20000000.00,40000000.00
74716,3000000.00,4500000.00
74805,10000000.00,15000000.00
74860,10000000.00,5000000.00
74863,3000000.00,4500000.00
74893,20000000.00,30000000.00
75002,50000000.00,100000000.00
75041,3000000.00,4500000.00
75077,3000000.00,6000000.00
75099,20000000.00,30000000.00
75107,3000000.00,6000000.00
75150,3000000.00,6000000.00
75152,3000000.00,1500000.00
75157,3000000.00,1500000.00
75169,3000000.00,4500000.00
75186,50000000.00,100000000.00
75224,50000000.00,75000000.00
75236,10000000.00,5000000.00
75260,50000000.00,75000000.00
75272,20000000.00,40000000.00
75421,50000000.00,75000000.00
75611,3000000.00,1500000.00
75655,50000000.00,75000000.00
75681,10000000.00,20000000.00
75688,10000000.00,15000000.00
75721,20000000.00,30000000.00
75759,3000000.00,4500000.00
75767,3000000.00,4500000.00
75775,50000000.00,100000000.00
75776,3000000.00,4500000.00
75881,3000000.00,4500000.00
75902,3000000.00,6000000.00
75908,3000000.00,4500000.00
75946,3000000.00,1500000.00
75949,3000000.00,6000000.00
75959,3000000.00,4500000.00
75974,10000000.00,5000000.00
75979,20000000.00,30000000.00
75990,3000000.00,4500000.00
75991,50000000.00,75000000.00
76004,2000000.00,3000000.00
76118,3000000.00,4500000.00
76174,3000000.00,1500000.00
76222,3000000.00,4500000.00
76232,20000000.00,30000000.00
76269,20000000.00,40000000.00
76300,50000000.00,25000000.00
76358,3000000.00,6000000.00
76391,50000000.00,100000000.00
76418,50000000.00,75000000.00
76419,3000000.00,6000000.00
76435,50000000.00,100000000.00
76445,20000000.00,40000000.00
76547,50000000.00,100000000.00
76563,3000000.00,1500000.00
76646,10000000.00,5000000.00
76654,20000000.00,10000000.00
76657,2000000.00,1000000.00
76713,3000000.00,1500000.00
76812,20000000.00,10000000.00
76839,50000000.00,75000000.00
76840,3000000.00,6000000.00
76850,3000000.00,4500000.00
76857,3000000.00,1500000.00
76880,10000000.00,5000000.00
76933,2000000.00,1000000.00
76966,10000000.00,15000000.00
77104,10000000.00,15000000.00
77135,3000000.00,4500000.00
77191,3000000.00,4500000.00
77201,10000000.00,5000000.00
77211,10000000.00,5000000.00
77235,3000000.00,1500000.00
77332,3000000.00,1500000.00
77338,3000000.00,1500000.00
77355,20000000.00,30000000.00
77421,3000000.00,4500000.00
77479,50000000.00,100000000.00
77503,50000000.00,100000000.00
77513,50000000.00,25000000.00
77527,1000.00,2000.00
77531,3000000.00,6000000.00
77573,3000000.00,1500000.00
77598,50000000.00,100000000.00
77603,3000000.00,1500000.00
77612,3000000.00,6000000.00
77616,3000000.00,4500000.00
77669,3000000.00,6000000.00
77694,20000000.00,10000000.00
77722,50000000.00,25000000.00
77734,2000000.00,1000000.00
77736,3000000.00,4500000.00
77740,3000000.00,6000000.00
77743,50000000.00,75000000.00
77754,3000000.00,1500000.00
77772,3000000.00,6000000.00
77849,20000000.00,30000000.00
77889,3000000.00,4500000.00
77901,3000000.00,1500000.00
77906,10000000.00,5000000.00
77950,50000000.00,25000000.00
78025,50000000.00,25000000.00
78077,3000000.00,4500000.00
78137,3000000.00,1500000.00
78146,3000000.00,6000000.00
78166,3000000.00,4500000.00
78190,3000000.00,6000000.00
78214,3000000.00,6000000.00
78221,3000000.00,6000000.00
78255,50000000.00,100000000.00
78257,3000000.00,6000000.00
78317,3000000.00,1500000.00
78326,3000000.00,4500000.00
78404,10000000.00,15000000.00
78410,3000000.00,1500000.00
78453,20000000.00,10000000.00
78529,3000000.00,6000000.00
78656,3000000.00,6000000.00
78669,50000000.00,75000000.00
78676,20000000.00,10000000.00
78691,2000000.00,1000000.00
78812,3000000.00,4500000.00
78824,20000000.00,40000000.00
78854,50000000.00,75000000.00
78896,20000000.00,30000000.00
78909,50000000.00,100000000.00
78914,3000000.00,6000000.00
78950,3000000.00,4500000.00
78965,3000000.00,1500000.00
79039,50000000.00,75000000.00
79062,50000000.00,25000000.00
79069,10000000.00,20000000.00
79144,50000000.00,25000000.00
79159,50000000.00,75000000.00
79197,10000000.00,5000000.00
79199,50000000.00,75000000.00
79207,10000000.00,5000000.00
79227,3000000.00,6000000.00
79240,10000000.00,5000000.00
79244,10000000.00,5000000.00
79285,10000000.00,15000000.00
79291,50000000.00,100000000.00
79348,3000000.00,6000000.00
79448,2000000.00,4000000.00
79480,50000000.00,100000000.00
79527,3000000.00,4500000.00
79583,10000000.00,15000000.00
79620,3000000.00,6000000.00
79627,20000000.00,10000000.00
79652,3000000.00,6000000.00
79756,50000000.00,100000000.00
79767,3000000.00,6000000.00
79768,3000000.00,1500000.00
79775,50000000.00,75000000.00
79787,20000000.00,30000000.00
79809,20000000.00,40000000.00
79826,50000000.00,100000000.00
79840,20000000.00,40000000.00
79873,20000000.00,10000000.00
79892,50000000.00,25000000.00
79895,3000000.00,6000000.00
80076,20000000.00,40000000.00
80120,3000000.00,1500000.00
80133,3000000.00,1500000.00
80134,3000000.00,6000000.00
80191,50000000.00,100000000.00
80275,20000000.00,10000000.00
80309,50000000.00,75000000.00
80349,10000000.00,15000000.00
80371,20000000.00,40000000.00
80414,3000000.00,1500000.00
80445,3000000.00,6000000.00
80463,10000000.00,15000000.00
80464,10000000.00,5000000.00
80470,3000000.00,1500000.00
80484,3000000.00,4500000.00
80569,20000000.00,10000000.00
80578,50000000.00,25000000.00
80595,20000000.00,40000000.00
80670,50000000.00,25000000.00
80686,3000000.00,1500000.00
80723,50000000.00,100000000.00
80756,10000000.00,20000000.00
80771,2000000.00,3000000.00
80778,3000000.00,4500000.00
80819,50000000.00,25000000.00
80913,3000000.00,6000000.00
80942,20000000.00,10000000.00
80972,20000000.00,30000000.00
80990,1000.00,1500.00
80992,20000000.00,10000000.00
81019,50000000.00,75000000.00
81030,3000000.00,6000000.00
81079,50000000.00,100000000.00
81099,3000000.00,4500000.00
81104,50000000.00,75000000.00
81114,10000000.00,5000000.00
81167,10000000.00,20000000.00
81186,20000000.00,40000000.00
81229,3000000.00,4500000.00
81243,3000000.00,1500000.00
81277,3000000.00,4500000.00
81278,3000000.00,1500000.00
81279,50000000.00,75000000.00
81300,50000000.00,25000000.00
81317,50000000.00,75000000.00
81369,3000000.00,1500000.00
81435,3000000.00,6000000.00
81486,50000000.00,25000000.00
81491,3000000.00,4500000.00
81520,3000000.00,1500000.00
81545,10000000.00,5000000.00
81555,50000000.00,75000000.00
81632,3000000.00,1500000.00
81685,3000000.00,1500000.00
81713,50000000.00,25000000.00
81749,3000000.00,6000000.00
81794,20000000.00,40000000.00
81804,20000000.00,30000000.00
81807,20000000.00,40000000.00
81821,3000000.00,4500000.00
81870,3000000.00,1500000.00
81871,50000000.00,100000000.00
81897,3000000.00,1500000.00
81918,50000000.00,75000000.00
81950,20000000.00,10000000.00
81974,3000000.00,1500000.00
82007,3000000.00,4500000.00
82035,3000000.00,1500000.00
82080,10000000.00,5000000.00
82132,10000000.00,5000000.00
82145,10000000.00,20000000.00
82198,3000000.00,1500000.00
82218,50000000.00,100000000.00
82281,3000000.00,6000000.00
82285,50000000.00,100000000.00
82353,50000000.00,25000000.00
82389,3000000.00,1500000.00
82394,2000000.00,4000000.00
82464,3000000.00,1500000.00
82468,20000000.00,40000000.00
82481,10000000.00,5000000.00
82523,50000000.00,75000000.00
82575,10000000.00,20000000.00
82710,3000000.00,4500000.00
82735,3000000.00,1500000.00
82749,20000000.00,30000000.00
82782,10000000.00,20000000.00
82835,2000000.00,4000000.00
82837,50000000.00,25000000.00
82857,3000000.00,4500000.00
82882,3000000.00,6000000.00
82883,20000000.00,10000000.00
82890,2000000.00,4000000.00
82895,20000000.00,40000000.00
82906,3000000.00,6000000.00
82951,3000000.00,1500000.00
82959,50000000.00,25000000.00
83014,50000000.00,25000000.00
83024,10000000.00,5000000.00
83064,20000000.00,40000000.00
83071,10000000.00,20000000.00
83078,3000000.00,4500000.00
83083,10000000.00,20000000.00
83107,50000000.00,75000000.00
83124,3000000.00,6000000.00
83155,3000000.00,4500000.00
83185,10000000.00,20000000.00
83215,10000000.00,15000000.00
83246,50000000.00,25000000.00
83247,3000000.00,4500000.00
83250,50000000.00,25000000.00
83253,2000000.00,1000000.00
83303,3000000.00,1500000.00
83324,3000000.00,4500000.00
83333,3000000.00,4500000.00
83353,2000000.00,4000000.00
83395,3000000.00,4500000.00
83416,50000000.00,25000000.00
83505,50000000.00,75000000.00
83509,10000000.00,15000000.00
83540,3000000.00,4500000.00
83574,3000000.00,6000000.00
83579,3000000.00,1500000.00
83667,3000000.00,1500000.00
83671,50000000.00,100000000.00
83711,3000000.00,1500000.00
83716,20000000.00,30000000.00
83740,3000000.00,4500000.00
83755,3000000.00,4500000.00
83765,50000000.00,25000000.00
83780,10000000.00,5000000.00
83787,3000000.00,1500000.00
83847,2000000.00,1000000.00
83849,20000000.00,10000000.00
83850,3000000.00,4500000.00
83863,3000000.00,1500000.00
83897,3000000.00,1500000.00
83928,20000000.00,30000000.00
83940,10000000.00,20000000.00
83969,3000000.00,6000000.00
83975,3000000.00,6000000.00
84184,10000000.00,5000000.00
84225,3000000.00,1500000.00
84269,20000000.00,30000000.00
84306,10000000.00,15000000.00
84336,2000000.00,1000000.00
84436,50000000.00,100000000.00
84494,3000000.00,4500000.00
84523,50000000.00,100000000.00
84569,50000000.00,75000000.00
84601,50000000.00,25000000.00
84605,50000000.00,100000000.00
84627,3000000.00,1500000.00
84647,3000000.00,4500000.00
84655,3000000.00,1500000.00
84659,3000000.00,1500000.00
84786,3000000.00,4500000.00
84792,50000000.00,25000000.00
84810,3000000.00,6000000.00
84850,3000000.00,1500000.00
84864,3000000.00,4500000.00
84912,2000000.00,4000000.00
84919,3000000.00,4500000.00
85076,50000000.00,75000000.00
85086,3000000.00,4500000.00
85092,3000000.00,1500000.00
85132,50000000.00,75000000.00
85171,3000000.00,6000000.00
85172,10000000.00,20000000.00
85178,3000000.00,6000000.00
85203,50000000.00,75000000.00
85209,2000000.00,1000000.00
85242,3000000.00,6000000.00
85315,3000000.00,6000000.00
85339,20000000.00,40000000.00
85387,20000000.00,10000000.00
85422,50000000.00,100000000.00
85423,50000000.00,75000000.00
85434,50000000.00,75000000.00
85461,3000000.00,6000000.00
85465,3000000.00,1500000.00
85482,3000000.00,4500000.00
85485,50000000.00,100000000.00
85530,50000000.00,25000000.00
85677,3000000.00,4500000.00
85713,10000000.00,20000000.00
85791,3000000.00,1500000.00
85825,3000000.00,4500000.00
85858,10000000.00,15000000.00
85907,50000000.00,75000000.00
85910,2000000.00,3000000.00
85918,50000000.00,100000000.00
85985,50000000.00,75000000.00
85994,20000000.00,40000000.00
85998,3000000.00,6000000.00
86027,3000000.00,4500000.00
86065,2000000.00,3000000.00
86083,10000000.00,15000000.00
86092,50000000.00,100000000.00
86101,3000000.00,6000000.00
86118,20000000.00,10000000.00
86119,50000000.00,25000000.00
86138,50000000.00,25000000.00
86149,10000000.00,5000000.00
86170,20000000.00,40000000.00
86177,50000000.00,75000000.00
86231,15000.00,30000.00
86237,3000000.00,1500000.00
86252,50000000.00,100000000.00
86281,10000000.00,20000000.00
86348,2000000.00,4000000.00
86349,10000000.00,20000000.00
86397,50000000.00,100000000.00
86475,50000000.00,100000000.00
86538,20000000.00,40000000.00
86541,10000000.00,15000000.00
86542,20000000.00,40000000.00
86548,50000000.00,25000000.00
86560,10000000.00,5000000.00
86569,50000000.00,75000000.00
86604,50000000.00,100000000.00
86679,50000000.00,25000000.00
86690,50000000.00,75000000.00
86708,3000000.00,6000000.00
86726,50000000.00,25000000.00
86736,3000000.00,6000000.00
86775,3000000.00,1500000.00
86782,50000000.00,25000000.00
86786,3000000.00,6000000.00
86790,3000000.00,6000000.00
86800,50000000.00,75000000.00
86821,3000000.00,1500000.00
87091,20000000.00,40000000.00
87127,3000000.00,4500000.00
87161,2000000.00,1000000.00
87163,3000000.00,6000000.00
87171,50000000.00,100000000.00
87194,20000000.00,30000000.00
87202,20000000.00,30000000.00
87285,50000000.00,25000000.00
87308,10000000.00,20000000.00
87316,50000000.00,100000000.00
87319,20000000.00,10000000.00
87328,10000000.00,20000000.00
87359,3000000.00,4500000.00
87366,20000000.00,10000000.00
87372,3000000.00,1500000.00
87383,3000000.00,1500000.00
87427,50000000.00,100000000.00
87461,50000000.00,100000000.00
87499,3000000.00,1500000.00
87535,3000000.00,1500000.00
87547,50000000.00,25000000.00
87563,3000000.00,1500000.00
87592,2000000.00,4000000.00
87598,3000000.00,4500000.00
87619,3000000.00,6000000.00
87672,50000000.00,75000000.00
87684,3000000.00,1500000.00
87686,20000000.00,10000000.00
87695,3000000.00,1500000.00
87713,3000000.00,1500000.00
87718,50000000.00,25000000.00
87757,50000000.00,100000000.00
87763,50000000.00,75000000.00
87774,50000000.00,25000000.00
87785,50000000.00,100000000.00
87820,2000000.00,3000000.00
87822,2000000.00,4000000.00
87861,20000000.00,30000000.00
87870,3000000.00,1500000.00
87877,20000000.00,10000000.00
87916,20000000.00,10000000.00
87947,10000000.00,15000000.00
87976,3000000.00,4500000.00
88008,10000000.00,20000000.00
88016,20000000.00,40000000.00
88145,3000000.00,1500000.00
88153,50000000.00,75000000.00
88165,20000000.00,40000000.00
88205,3000000.00,6000000.00
88223,3000000.00,4500000.00
88305,10000000.00,5000000.00
88315,50000000.00,100000000.00
88331,3000000.00,4500000.00
88370,20000000.00,40000000.00
88376,50000000.00,75000000.00
88409,2000000.00,1000000.00
88422,50000000.00,100000000.00
88453,50000000.00,75000000.00
88458,20000000.00,40000000.00
88474,10000000.00,5000000.00
88514,20000000.00,30000000.00
88520,50000000.00,75000000.00
88572,10000000.00,15000000.00
88686,3000000.00,1500000.00
88739,3000000.00,4500000.00
88744,3000000.00,1500000.00
88774,1000.00,2000.00
88828,50000000.00,25000000.00
88848,3000000.00,6000000.00
88853,50000000.00,75000000.00
88857,3000000.00,1500000.00
88884,50000000.00,75000000.00
88922,10000000.00,15000000.00
88929,50000000.00,25000000.00
88975,3000000.00,6000000.00
89021,3000000.00,1500000.00
89023,10000000.00,5000000.00
89051,50000000.00,100000000.00
89055,3000000.00,4500000.00
89070,10000000.00,15000000.00
89084,3000000.00,1500000.00
89114,20000000.00,40000000.00
89151,20000000.00,40000000.00
89196,50000000.00,100000000.00
89220,3000000.00,1500000.00
89233,20000000.00,30000000.00
89242,2000000.00,4000000.00
89248,10000000.00,15000000.00
89255,50000000.00,25000000.00
89262,3000000.00,4500000.00
89263,10000000.00,5000000.00
89273,3000000.00,4500000.00
89275,20000000.00,40000000.00
89303,2000000.00,1000000.00
89342,50000000.00,75000000.00
89343,20000000.00,10000000.00
89354,20000000.00,40000000.00
89383,10000000.00,5000000.00
89394,20000000.00,30000000.00
89411,3000000.00,6000000.00
89450,3000000.00,6000000.00
89491,10000000.00,15000000.00
89497,20000000.00,10000000.00
89513,3000000.00,1500000.00
89549,3000000.00,1500000.00
89552,50000000.00,75000000.00
89569,3000000.00,1500000.00
89599,3000000.00,4500000.00
89613,3000000.00,4500000.00
89620,20000000.00,30000000.00
89648,3000000.00,1500000.00
89672,3000000.00,4500000.00
89677,3000000.00,6000000.00
89702,20000000.00,40000000.00
89821,3000000.00,1500000.00
89859,20000000.00,40000000.00
89876,3000000.00,6000000.00
89884,20000000.00,10000000.00
89915,50000000.00,25000000.00
89938,3000000.00,4500000.00
89941,3000000.00,6000000.00
89951,3000000.00,1500000.00
89997,1000.00,1500.00
90033,20000000.00,10000000.00
90047,20000000.00,40000000.00
90053,3000000.00,6000000.00
90064,3000000.00,4500000.00
90108,3000000.00,6000000.00
90127,20000000.00,10000000.00
90143,3000000.00,4500000.00
90145,3000000.00,1500000.00
90181,20000000.00,10000000.00
90196,50000000.00,75000000.00
90239,50000000.00,100000000.00
90255,10000000.00,20000000.00
90342,20000000.00,30000000.00
90377,20000000.00,30000000.00
90409,3000000.00,4500000.00
90427,3000000.00,6000000.00
90477,3000000.00,6000000.00
90481,20000000.00,40000000.00
90557,50000000.00,25000000.00
90600,50000000.00,25000000.00
90652,3000000.00,6000000.00
90683,50000000.00,25000000.00
90691,3000000.00,4500000.00
90706,3000000.00,1500000.00
90711,3000000.00,1500000.00
90723,10000000.00,5000000.00
90733,20000000.00,30000000.00
90823,3000000.00,4500000.00
90839,3000000.00,4500000.00
90857,3000000.00,4500000.00
90866,10000000.00,20000000.00
90884,50000000.00,25000000.00
90903,3000000.00,1500000.00
90934,3000000.00,4500000.00
90956,3000000.00,6000000.00
90979,3000000.00,4500000.00
90983,3000000.00,6000000.00
90988,20000000.00,30000000.00
90990,50000000.00,100000000.00
91013,1000.00,1500.00
91061,50000000.00,25000000.00
91064,3000000.00,1500000.00
91084,50000000.00,100000000.00
91095,20000000.00,30000000.00
91126,3000000.00,1500000.00
91128,15000.00,7500.00
91146,50000000.00,25000000.00
91151,10000000.00,20000000.00
91161,20000000.00,40000000.00
91162,50000000.00,100000000.00
91163,10000000.00,5000000.00
91217,3000000.00,6000000.00
91219,20000000.00,30000000.00
91225,10000000.00,5000000.00
91259,3000000.00,6000000.00
91315,2000000.00,3000000.00
91341,2000000.00,1000000.00
91354,3000000.00,6000000.00
91405,2000000.00,3000000.00
91428,50000000.00,25000000.00
91451,3000000.00,6000000.00
91455,3000000.00,4500000.00
91496,50000000.00,100000000.00
91544,20000000.00,40000000.00
91549,3000000.00,1500000.00
91587,3000000.00,4500000.00
91600,50000000.00,100000000.00
91603,3000000.00,6000000.00
91612,10000000.00,15000000.00
91629,3000000.00,6000000.00
91654,50000000.00,75000000.00
91659,20000000.00,40000000.00
91692,3000000.00,4500000.00
91695,3000000.00,6000000.00
91774,20000000.00,40000000.00
91786,3000000.00,6000000.00
91824,3000000.00,4500000.00
91825,3000000.00,6000000.00
91902,3000000.00,1500000.00
91925,20000000.00,40000000.00
91943,3000000.00,1500000.00
91960,10000000.00,5000000.00
91964,3000000.00,6000000.00
91979,10000000.00,20000000.00
91987,50000000.00,25000000.00
91992,10000000.00,20000000.00
92026,2000000.00,3000000.00
92054,3000000.00,6000000.00
92205,3000000.00,4500000.00
92233,3000000.00,1500000.00
92265,20000000.00,30000000.00
92267,50000000.00,75000000.00
92276,50000000.00,25000000.00
92328,10000000.00,5000000.00
92360,3000000.00,4500000.00
92366,50000000.00,100000000.00
92404,10000000.00,15000000.00
92422,10000000.00,5000000.00
92433,50000000.00,75000000.00
92463,3000000.00,4500000.00
92476,20000000.00,10000000.00
92483,20000000.00,30000000.00
92498,50000000.00,100000000.00
92563,50000000.00,100000000.00
92572,50000000.00,25000000.00
92620,20000000.00,40000000.00
92627,20000000.00,30000000.00
92651,3000000.00,1500000.00
92662,20000000.00,30000000.00
92677,3000000.00,1500000.00
92697,3000000.00,4500000.00
92710,50000000.00,25000000.00
92711,50000000.00,100000000.00
92735,50000000.00,100000000.00
92764,50000000.00,25000000.00
92770,3000000.00,4500000.00
92775,3000000.00,4500000.00
92800,50000000.00,25000000.00
92816,50000000.00,75000000.00
92899,3000000.00,6000000.00
92931,50000000.00,75000000.00
92949,50000000.00,25000000.00
92951,3000000.00,1500000.00
92978,10000000.00,15000000.00
92981,20000000.00,10000000.00
93027,10000000.00,15000000.00
93028,20000000.00,10000000.00
93029,3000000.00,6000000.00
93045,3000000.00,4500000.00
93056,3000000.00,6000000.00
93068,50000000.00,100000000.00
93086,20000000.00,30000000.00
93093,10000000.00,20000000.00
93099,3000000.00,4500000.00
93100,10000000.00,20000000.00
93142,50000000.00,100000000.00
93171,50000000.00,75000000.00
93202,50000000.00,100000000.00
93203,3000000.00,1500000.00
93258,10000000.00,5000000.00
93303,3000000.00,4500000.00
93353,3000000.00,4500000.00
93380,50000000.00,75000000.00
93425,50000000.00,100000000.00
93430,50000000.00,75000000.00
93455,10000000.00,5000000.00
93496,20000000.00,30000000.00
93508,3000000.00,6000000.00
93513,10000000.00,5000000.00
93554,50000000.00,25000000.00
93560,50000000.00,100000000.00
93565,3000000.00,1500000.00
93617,50000000.00,100000000.00
93622,3000000.00,6000000.00
93635,3000000.00,6000000.00
93663,50000000.00,25000000.00
93704,2000000.00,1000000.00
93730,3000000.00,4500000.00
93785,1000.00,2000.00
93795,50000000.00,75000000.00
93796,50000000.00,100000000.00
93842,50000000.00,75000000.00
93854,3000000.00,6000000.00
93892,3000000.00,4500000.00
93894,20000000.00,10000000.00
93896,3000000.00,6000000.00
93942,3000000.00,4500000.00
93966,20000000.00,30000000.00
93984,50000000.00,100000000.00
93990,3000000.00,4500000.00
94044,50000000.00,75000000.00
94097,50000000.00,100000000.00
94157,20000000.00,40000000.00
94186,3000000.00,1500000.00
94213,3000000.00,1500000.00
94229,3000000.00,1500000.00
94270,3000000.00,4500000.00
94281,20000000.00,40000000.00
94302,10000000.00,20000000.00
94346,50000000.00,25000000.00
94360,10000000.00,20000000.00
94402,50000000.00,100000000.00
94533,20000000.00,10000000.00
94535,3000000.00,1500000.00
94554,3000000.00,6000000.00
94559,3000000.00,4500000.00
94570,3000000.00,1500000.00
94580,10000000.00,20000000.00
94618,20000000.00,40000000.00
94636,50000000.00,100000000.00
94640,10000000.00,5000000.00
94646,50000000.00,75000000.00
94648,50000000.00,75000000.00
94711,1000.00,500.00
94717,20000000.00,40000000.00
94758,3000000.00,4500000.00
94762,3000000.00,6000000.00
94764,10000000.00,5000000.00
94778,3000000.00,1500000.00
94791,20000000.00,40000000.00
94820,50000000.00,25000000.00
94943,20000000.00,30000000.00
94981,3000000.00,6000000.00
95020,20000000.00,30000000.00
95037,3000000.00,4500000.00
95039,3000000.00,4500000.00
95087,20000000.00,40000000.00
95142,50000000.00,75000000.00
95182,2000000.00,3000000.00
95194,3000000.00,6000000.00
95213,3000000.00,6000000.00
95215,20000000.00,30000000.00
95282,3000000.00,6000000.00
95295,10000000.00,15000000.00
95335,50000000.00,25000000.00
95336,50000000.00,100000000.00
95364,2000000.00,4000000.00
95425,20000000.00,40000000.00
95426,3000000.00,6000000.00
95444,3000000.00,4500000.00
95454,2000000.00,4000000.00
95457,20000000.00,10000000.00
95476,20000000.00,30000000.00
95501,3000000.00,1500000.00
95516,3000000.00,6000000.00
95525,3000000.00,4500000.00
95665,3000000.00,6000000.00
95757,50000000.00,25000000.00
95782,3000000.00,6000000.00
95784,3000000.00,6000000.00
95800,20000000.00,10000000.00
95840,3000000.00,4500000.00
95846,20000000.00,40000000.00
95911,10000000.00,20000000.00
95934,20000000.00,40000000.00
95984,10000000.00,5000000.00
96006,3000000.00,4500000.00
96060,3000000.00,6000000.00
96077,3000000.00,6000000.00
96121,20000000.00,40000000.00
96132,3000000.00,6000000.00
96136,3000000.00,6000000.00
96153,50000000.00,25000000.00
96213,10000000.00,15000000.00
96217,3000000.00,6000000.00
96222,3000000.00,4500000.00
96253,20000000.00,10000000.00
96254,3000000.00,6000000.00
96276,20000000.00,30000000.00
96285,3000000.00,6000000.00
96294,3000000.00,4500000.00
96332,3000000.00,4500000.00
96360,20000000.00,10000000.00
96383,50000000.00,100000000.00
96390,3000000.00,4500000.00
96414,3000000.00,6000000.00
96445,3000000.00,4500000.00
96455,3000000.00,4500000.00
96491,10000000.00,15000000.00
96510,3000000.00,1500000.00
96511,10000000.00,5000000.00
96528,50000000.00,25000000.00
96555,3000000.00,1500000.00
96564,50000000.00,75000000.00
96616,3000000.00,6000000.00
96676,3000000.00,4500000.00
96677,3000000.00,1500000.00
96709,10000000.00,15000000.00
96730,50000000.00,75000000.00
96745,20000000.00,40000000.00
96775,20000000.00,30000000.00
96786,10000000.00,15000000.00
96800,50000000.00,25000000.00
96801,50000000.00,25000000.00
96805,3000000.00,1500000.00
96827,50000000.00,75000000.00
96837,50000000.00,100000000.00
96848,20000000.00,30000000.00
96857,2000000.00,4000000.00
96883,3000000.00,6000000.00
96889,3000000.00,4500000.00
96908,20000000.00,40000000.00
96975,3000000.00,1500000.00
96983,10000000.00,20000000.00
96988,20000000.00,30000000.00
96991,3000000.00,4500000.00
97034,3000000.00,4500000.00
97057,3000000.00,4500000.00
97067,50000000.00,25000000.00
97084,1000.00,1500.00
97115,3000000.00,4500000.00
97173,10000000.00,15000000.00
97196,20000000.00,40000000.00
97205,50000000.00,25000000.00
97215,10000000.00,15000000.00
97244,2000000.00,3000000.00
97255,20000000.00,10000000.00
97258,20000000.00,30000000.00
97270,1000.00,1500.00
97333,3000000.00,4500000.00
97341,3000000.00,6000000.00
97359,3000000.00,6000000.00
97372,3000000.00,1500000.00
97401,3000000.00,1500000.00
97403,20000000.00,10000000.00
97436,20000000.00,10000000.00
97439,10000000.00,5000000.00
97455,10000000.00,15000000.00
97478,3000000.00,4500000.00
97542,50000000.00,100000000.00
97544,50000000.00,75000000.00
97581,3000000.00,4500000.00
97587,2000000.00,1000000.00
97605,50000000.00,75000000.00
97627,3000000.00,1500000.00
97686,3000000.00,1500000.00
97732,50000000.00,75000000.00
97757,3000000.00,6000000.00
97782,10000000.00,15000000.00
97810,10000000.00,15000000.00
97820,20000000.00,30000000.00
97845,1000.00,1500.00
97849,50000000.00,25000000.00
97869,3000000.00,4500000.00
97887,3000000.00,1500000.00
97908,3000000.00,1500000.00
97918,10000000.00,15000000.00
97945,20000000.00,10000000.00
97949,2000000.00,4000000.00
97988,50000000.00,100000000.00
98041,10000000.00,20000000.00
98052,3000000.00,4500000.00
98064,3000000.00,6000000.00
98090,20000000.00,40000000.00
98102,3000000.00,4500000.00
98140,3000000.00,6000000.00
98146,10000000.00,5000000.00
98188,3000000.00,6000000.00
98207,50000000.00,25000000.00
98231,3000000.00,4500000.00
98244,20000000.00,10000000.00
98247,3000000.00,1500000.00
98258,20000000.00,10000000.00
98281,20000000.00,40000000.00
98284,3000000.00,1500000.00
98326,50000000.00,75000000.00
98354,3000000.00,6000000.00
98355,10000000.00,5000000.00
98356,50000000.00,25000000.00
98414,3000000.00,6000000.00
98432,20000000.00,10000000.00
98543,3000000.00,1500000.00
98545,20000000.00,30000000.00
98562,20000000.00,40000000.00
98587,3000000.00,4500000.00
98593,10000000.00,5000000.00
98602,3000000.00,4500000.00
98635,3000000.00,4500000.00
98636,2000000.00,3000000.00
98640,10000000.00,15000000.00
98657,3000000.00,4500000.00
98660,3000000.00,1500000.00
98694,3000000.00,1500000.00
98722,1000.00,500.00
98733,20000000.00,30000000.00
98783,20000000.00,40000000.00
98799,50000000.00,25000000.00
98822,3000000.00,1500000.00
98863,3000000.00,6000000.00
98889,50000000.00,75000000.00
98923,3000000.00,1500000.00
98966,3000000.00,1500000.00
98994,3000000.00,6000000.00
99024,3000000.00,1500000.00
99030,3000000.00,4500000.00
99031,20000000.00,10000000.00
99056,3000000.00,4500000.00
99080,50000000.00,100000000.00
99093,3000000.00,6000000.00
99101,3000000.00,6000000.00
99109,20000000.00,30000000.00
99133,3000000.00,4500000.00
99182,3000000.00,4500000.00
99192,50000000.00,75000000.00
99227,10000000.00,5000000.00
99248,1000.00,2000.00
99251,3000000.00,4500000.00
99259,20000000.00,40000000.00
99264,3000000.00,6000000.00
99346,50000000.00,100000000.00
99363,3000000.00,4500000.00
99410,3000000.00,6000000.00
99420,50000000.00,75000000.00
99435,20000000.00,40000000.00
99449,3000000.00,4500000.00
99469,20000000.00,10000000.00
99479,3000000.00,6000000.00
99489,10000000.00,5000000.00
99497,3000000.00,1500000.00
99504,3000000.00,1500000.00
99609,50000000.00,75000000.00
99616,3000000.00,6000000.00
99621,50000000.00,75000000.00
99653,3000000.00,1500000.00
99694,3000000.00,1500000.00
99725,3000000.00,1500000.00
99770,50000000.00,25000000.00
99790,50000000.00,100000000.00
99798,3000000.00,1500000.00
99803,50000000.00,100000000.00
99809,10000000.00,20000000.00
99812,3000000.00,1500000.00
99831,20000000.00,40000000.00
99848,10000000.00,20000000.00
99861,20000000.00,30000000.00
99866,10000000.00,15000000.00
99931,20000000.00,10000000.00
99955,3000000.00,1500000.00
99990,3000000.00,4500000.00
100044,3000000.00,4500000.00
100056,3000000.00,6000000.00
100088,50000000.00,100000000.00
100110,50000000.00,25000000.00
100148,20000000.00,10000000.00
100161,10000000.00,15000000.00
100166,3000000.00,6000000.00
100204,10000000.00,15000000.00
100205,10000000.00,5000000.00
100245,50000000.00,100000000.00
100259,3000000.00,6000000.00
100263,2000000.00,3000000.00
100293,3000000.00,6000000.00
100327,50000000.00,100000000.00
100328,10000000.00,15000000.00
100360,3000000.00,4500000.00
100382,10000000.00,20000000.00
100389,3000000.00,4500000.00
100457,3000000.00,1500000.00
100468,20000000.00,30000000.00
100474,20000000.00,10000000.00
100482,3000000.00,1500000.00
100544,20000000.00,10000000.00
100569,50000000.00,75000000.00
100582,3000000.00,4500000.00
100606,50000000.00,100000000.00
100621,50000000.00,100000000.00
100652,3000000.00,4500000.00
100660,20000000.00,40000000.00
100675,3000000.00,4500000.00
100694,20000000.00,30000000.00
100695,10000000.00,5000000.00
100713,3000000.00,1500000.00
100721,3000000.00,4500000.00
100726,20000000.00,10000000.00
100748,20000000.00,30000000.00
100749,3000000.00,1500000.00
100759,50000000.00,75000000.00
100779,3000000.00,4500000.00
100816,3000000.00,6000000.00
100827,50000000.00,100000000.00
100869,3000000.00,6000000.00
100874,3000000.00,4500000.00
100876,3000000.00,4500000.00
100887,3000000.00,1500000.00
100896,10000000.00,20000000.00
100916,3000000.00,4500000.00
100924,50000000.00,75000000.00
100934,3000000.00,4500000.00
100953,3000000.00,1500000.00
100998,3000000.00,6000000.00
101015,20000000.00,40000000.00
101019,10000000.00,5000000.00
101035,3000000.00,4500000.00
101045,3000000.00,1500000.00
101095,3000000.00,1500000.00
101105,3000000.00,4500000.00
101114,50000000.00,25000000.00
101136,3000000.00,6000000.00
101147,3000000.00,6000000.00
101175,3000000.00,1500000.00
101199,20000000.00,30000000.00
101239,15000.00,22500.00
101267,50000000.00,25000000.00
101272,3000000.00,6000000.00
101294,10000000.00,5000000.00
101304,3000000.00,6000000.00
101318,10000000.00,5000000.00
101320,10000000.00,5000000.00
101322,10000000.00,5000000.00
101332,3000000.00,4500000.00
101351,3000000.00,6000000.00
101353,20000000.00,30000000.00
101357,10000000.00,15000000.00
101394,50000000.00,25000000.00
101395,50000000.00,25000000.00
101446,3000000.00,4500000.00
101511,3000000.00,6000000.00
101536,20000000.00,30000000.00
101580,3000000.00,1500000.00
101590,20000000.00,30000000.00
101693,3000000.00,1500000.00
101742,50000000.00,75000000.00
101749,10000000.00,5000000.00
101781,1000.00,2000.00
101788,50000000.00,75000000.00
101863,20000000.00,40000000.00
101864,20000000.00,10000000.00
101964,3000000.00,1500000.00
101967,20000000.00,10000000.00
101972,50000000.00,25000000.00
101991,10000000.00,15000000.00
102010,20000000.00,10000000.00
102012,2000000.00,4000000.00
102014,2000000.00,4000000.00
102019,3000000.00,6000000.00
102030,50000000.00,100000000.00
102038,3000000.00,4500000.00
102045,10000000.00,20000000.00
102070,50000000.00,25000000.00
102073,20000000.00,30000000.00
102076,3000000.00,1500000.00
102084,50000000.00,25000000.00
102092,3000000.00,6000000.00
102110,2000000.00,3000000.00
102150,3000000.00,6000000.00
102182,3000000.00,4500000.00
102192,20000000.00,30000000.00
102209,10000000.00,20000000.00
102266,50000000.00,25000000.00
102285,50000000.00,75000000.00
102286,50000000.00,100000000.00
102295,50000000.00,25000000.00
102341,50000000.00,100000000.00
102384,50000000.00,75000000.00
102387,20000000.00,10000000.00
102407,3000000.00,1500000.00
102417,3000000.00,6000000.00
102450,3000000.00,6000000.00
102455,3000000.00,1500000.00
102468,50000000.00,75000000.00
102472,50000000.00,25000000.00
102504,3000000.00,1500000.00
102510,3000000.00,4500000.00
102522,3000000.00,6000000.00
102540,3000000.00,4500000.00
102563,3000000.00,4500000.00
102572,3000000.00,6000000.00
102579,3000000.00,1500000.00
102622,50000000.00,75000000.00
102639,3000000.00,6000000.00
102671,20000000.00,30000000.00
102710,3000000.00,6000000.00
102775,10000000.00,5000000.00
102778,10000000.00,20000000.00
102802,10000000.00,20000000.00
102810,10000000.00,15000000.00
102826,50000000.00,25000000.00
102837,3000000.00,1500000.00
102859,50000000.00,100000000.00
102863,3000000.00,4500000.00
102941,10000000.00,20000000.00
102962,10000000.00,15000000.00
102969,3000000.00,6000000.00
102999,50000000.00,25000000.00
103015,50000000.00,25000000.00
103091,20000000.00,10000000.00
103207,3000000.00,4500000.00
103232,50000000.00,75000000.00
103240,10000000.00,5000000.00
103252,50000000.00,100000000.00
103261,3000000.00,4500000.00
103273,3000000.00,1500000.00
103280,3000000.00,1500000.00
103298,50000000.00,75000000.00
103311,50000000.00,100000000.00
103340,50000000.00,100000000.00
103348,50000000.00,75000000.00
103372,2000000.00,1000000.00
103381,20000000.00,40000000.00
103437,50000000.00,25000000.00
103453,3000000.00,6000000.00
103466,20000000.00,30000000.00
103480,20000000.00,10000000.00
103488,20000000.00,10000000.00
103493,20000000.00,30000000.00
103501,10000000.00,15000000.00
103509,3000000.00,6000000.00
103510,50000000.00,25000000.00
103514,10000000.00,20000000.00
103534,10000000.00,20000000.00
103558,10000000.00,15000000.00
103578,50000000.00,75000000.00
103585,10000000.00,5000000.00
103586,50000000.00,75000000.00
103603,50000000.00,25000000.00
103620,50000000.00,100000000.00
103630,50000000.00,75000000.00
103658,3000000.00,4500000.00
103660,3000000.00,1500000.00
103666,50000000.00,75000000.00
103745,3000000.00,4500000.00
103747,10000000.00,20000000.00
103794,10000000.00,15000000.00
103800,20000000.00,40000000.00
103846,50000000.00,75000000.00
103922,50000000.00,75000000.00
103932,50000000.00,75000000.00
103942,3000000.00,6000000.00
103958,50000000.00,75000000.00
103987,20000000.00,30000000.00
104032,50000000.00,25000000.00
104048,10000000.00,20000000.00
104085,20000000.00,10000000.00
104107,20000000.00,10000000.00
104108,50000000.00,100000000.00
104170,3000000.00,6000000.00
104195,10000000.00,15000000.00
104253,50000000.00,75000000.00
104264,20000000.00,40000000.00
104309,50000000.00,25000000.00
104310,50000000.00,25000000.00
104350,3000000.00,6000000.00
104355,50000000.00,100000000.00
104422,50000000.00,25000000.00
104430,20000000.00,40000000.00
104448,50000000.00,75000000.00
104501,10000000.00,5000000.00
104535,20000000.00,40000000.00
104636,50000000.00,25000000.00
104697,3000000.00,6000000.00
104709,20000000.00,10000000.00
104730,3000000.00,4500000.00
104751,50000000.00,100000000.00
104766,20000000.00,40000000.00
104808,20000000.00,30000000.00
104817,20000000.00,30000000.00
104822,3000000.00,1500000.00
104834,3000000.00,1500000.00
104884,3000000.00,4500000.00
104917,10000000.00,5000000.00
104921,20000000.00,10000000.00
104938,50000000.00,25000000.00
104942,3000000.00,1500000.00
104943,3000000.00,6000000.00
104950,20000000.00,30000000.00
104960,50000000.00,100000000.00
104983,2000000.00,1000000.00
104984,20000000.00,30000000.00
105001,3000000.00,1500000.00
105013,10000000.00,20000000.00
105028,20000000.00,10000000.00
105050,3000000.00,1500000.00
105081,3000000.00,4500000.00
105082,10000000.00,15000000.00
105083,3000000.00,4500000.00
105086,3000000.00,1500000.00
105089,10000000.00,20000000.00
105107,3000000.00,6000000.00
105121,10000000.00,20000000.00
105159,3000000.00,6000000.00
105191,20000000.00,10000000.00
105218,20000000.00,30000000.00
105284,3000000.00,6000000.00
105316,50000000.00,25000000.00
105394,3000000.00,1500000.00
105397,50000000.00,100000000.00
105462,3000000.00,6000000.00
105490,3000000.00,4500000.00
105523,10000000.00,20000000.00
105573,20000000.00,30000000.00
105594,3000000.00,1500000.00
105611,10000000.00,20000000.00
105630,2000000.00,4000000.00
105634,3000000.00,1500000.00
105671,50000000.00,100000000.00
105695,50000000.00,75000000.00
105768,3000000.00,1500000.00
105882,50000000.00,75000000.00
105884,3000000.00,6000000.00
105901,3000000.00,4500000.00
105914,20000000.00,30000000.00
105944,3000000.00,4500000.00
105949,3000000.00,4500000.00
105972,10000000.00,15000000.00
105990,3000000.00,6000000.00
105997,20000000.00,10000000.00
106006,50000000.00,100000000.00
106015,20000000.00,40000000.00
106040,3000000.00,1500000.00
106077,10000000.00,5000000.00
106086,20000000.00,30000000.00
106101,3000000.00,4500000.00
106134,20000000.00,40000000.00
106195,2000000.00,1000000.00
106207,3000000.00,4500000.00
106237,50000000.00,25000000.00
106258,10000000.00,15000000.00
106276,3000000.00,6000000.00
106278,3000000.00,1500000.00
106286,3000000.00,6000000.00
106302,50000000.00,75000000.00
106321,20000000.00,30000000.00
106330,3000000.00,6000000.00
106342,3000000.00,4500000.00
106350,3000000.00,6000000.00
106366,50000000.00,75000000.00
106367,3000000.00,1500000.00
106369,3000000.00,6000000.00
106384,3000000.00,6000000.00
106385,20000000.00,30000000.00
106386,10000000.00,15000000.00
106410,3000000.00,4500000.00
106416,3000000.00,1500000.00
106417,50000000.00,100000000.00
106446,20000000.00,30000000.00
106461,1000.00,1500.00
106463,3000000.00,6000000.00
106492,20000000.00,10000000.00
106493,20000000.00,40000000.00
106508,3000000.00,1500000.00
106522,50000000.00,25000000.00
106535,20000000.00,40000000.00
106551,20000000.00,10000000.00
106556,20000000.00,10000000.00
106579,50000000.00,75000000.00
106581,20000000.00,30000000.00
106600,20000000.00,30000000.00
106603,20000000.00,30000000.00
106608,3000000.00,6000000.00
106641,3000000.00,4500000.00
106664,20000000.00,40000000.00
106692,20000000.00,40000000.00
106694,10000000.00,20000000.00
106698,3000000.00,1500000.00
106699,20000000.00,40000000.00
106711,3000000.00,1500000.00
106736,3000000.00,1500000.00
106750,3000000.00,1500000.00
106780,3000000.00,6000000.00
106782,20000000.00,40000000.00
106843,50000000.00,25000000.00
106854,50000000.00,100000000.00
106856,50000000.00,25000000.00
106888,50000000.00,25000000.00
106901,3000000.00,1500000.00
106905,20000000.00,30000000.00
106919,50000000.00,25000000.00
106924,10000000.00,5000000.00
106925,15000.00,22500.00
106926,3000000.00,1500000.00
106935,10000000.00,5000000.00
107022,20000000.00,10000000.00
107026,3000000.00,1500000.00
107049,2000000.00,3000000.00
107101,50000000.00,25000000.00
107103,50000000.00,25000000.00
107130,50000000.00,25000000.00
107141,3000000.00,4500000.00
107143,10000000.00,15000000.00
107145,3000000.00,6000000.00
107164,3000000.00,4500000.00
107179,3000000.00,4500000.00
107201,20000000.00,40000000.00
107249,3000000.00,6000000.00
107276,50000000.00,100000000.00
107280,3000000.00,1500000.00
107306,50000000.00,75000000.00
107323,3000000.00,1500000.00
107342,20000000.00,30000000.00
107356,20000000.00,30000000.00
107394,20000000.00,40000000.00
107420,3000000.00,6000000.00
107441,50000000.00,25000000.00
107457,3000000.00,1500000.00
107507,3000000.00,1500000.00
107512,3000000.00,4500000.00
107533,3000000.00,6000000.00
107567,50000000.00,25000000.00
107596,2000000.00,3000000.00
107603,2000000.00,3000000.00
107628,50000000.00,100000000.00
107646,3000000.00,6000000.00
107674,20000000.00,10000000.00
107689,3000000.00,4500000.00
107719,3000000.00,1500000.00
107733,50000000.00,100000000.00
107736,20000000.00,40000000.00
107760,20000000.00,40000000.00
107783,50000000.00,75000000.00
107797,3000000.00,6000000.00
107802,20000000.00,10000000.00
107805,10000000.00,15000000.00
107826,50000000.00,25000000.00
107858,3000000.00,6000000.00
107880,3000000.00,4500000.00
107905,10000000.00,15000000.00
107928,3000000.00,1500000.00
107930,3000000.00,6000000.00
107957,3000000.00,6000000.00
107958,10000000.00,15000000.00
107977,3000000.00,1500000.00
107989,2000000.00,4000000.00
108008,20000000.00,40000000.00
108025,20000000.00,10000000.00
108060,50000000.00,75000000.00
108071,20000000.00,10000000.00
108084,3000000.00,4500000.00
108098,20000000.00,10000000.00
108114,3000000.00,1500000.00
108173,10000000.00,15000000.00
108175,3000000.00,4500000.00
108192,50000000.00,25000000.00
108214,3000000.00,6000000.00
108220,3000000.00,6000000.00
108254,3000000.00,6000000.00
108305,50000000.00,75000000.00
108359,50000000.00,25000000.00
108367,3000000.00,6000000.00
108414,3000000.00,1500000.00
108481,20000000.00,30000000.00
108522,3000000.00,6000000.00
108574,3000000.00,4500000.00
108592,3000000.00,6000000.00
108622,3000000.00,4500000.00
108641,3000000.00,4500000.00
108650,50000000.00,25000000.00
108661,3000000.00,1500000.00
108703,10000000.00,15000000.00
108731,3000000.00,4500000.00
108732,10000000.00,5000000.00
108753,3000000.00,4500000.00
108776,3000000.00,6000000.00
108812,50000000.00,100000000.00
108816,20000000.00,10000000.00
108828,50000000.00,75000000.00
108843,50000000.00,75000000.00
108848,3000000.00,1500000.00
108851,3000000.00,1500000.00
108867,3000000.00,1500000.00
108880,2000000.00,4000000.00
108891,3000000.00,6000000.00
108907,50000000.00,75000000.00
108908,20000000.00,40000000.00
108915,50000000.00,75000000.00
108934,3000000.00,1500000.00
108954,50000000.00,75000000.00
108955,20000000.00,30000000.00
108980,50000000.00,100000000.00
109053,10000000.00,5000000.00
109067,2000000.00,1000000.00
109125,10000000.00,5000000.00
109126,20000000.00,40000000.00
109142,15000.00,7500.00
109150,20000000.00,30000000.00
109155,50000000.00,25000000.00
109193,3000000.00,1500000.00
109195,3000000.00,6000000.00
109197,3000000.00,4500000.00
109217,15000.00,30000.00
109229,10000000.00,5000000.00
109235,3000000.00,4500000.00
109245,50000000.00,75000000.00
109279,3000000.00,6000000.00
109316,10000000.00,5000000.00
109321,3000000.00,6000000.00
109323,10000000.00,20000000.00
109328,50000000.00,25000000.00
109385,3000000.00,1500000.00
109398,20000000.00,30000000.00
109451,3000000.00,4500000.00
109458,3000000.00,1500000.00
109474,2000000.00,4000000.00
109481,10000000.00,15000000.00
109499,3000000.00,1500000.00
109507,3000000.00,6000000.00
109514,3000000.00,6000000.00
109518,3000000.00,1500000.00
109522,10000000.00,20000000.00
109530,50000000.00,75000000.00
109556,3000000.00,4500000.00
109569,20000000.00,10000000.00
109573,50000000.00,75000000.00
109582,50000000.00,25000000.00
109590,20000000.00,30000000.00
109638,50000000.00,100000000.00
109643,3000000.00,4500000.00
109646,50000000.00,100000000.00
109705,20000000.00,10000000.00
109722,3000000.00,6000000.00
109743,50000000.00,100000000.00
109759,3000000.00,6000000.00
109779,20000000.00,10000000.00
109787,20000000.00,40000000.00
109799,20000000.00,10000000.00
109808,3000000.00,4500000.00
109837,20000000.00,30000000.00
109840,3000000.00,6000000.00
109850,50000000.00,75000000.00
109856,3000000.00,6000000.00
109893,10000000.00,5000000.00
109923,3000000.00,4500000.00
109926,3000000.00,6000000.00
109937,3000000.00,6000000.00
109948,20000000.00,30000000.00
109981,50000000.00,25000000.00
109982,20000000.00,40000000.00
109983,20000000.00,10000000.00
109989,10000000.00,5000000.00
109992,10000000.00,15000000.00
110008,20000000.00,10000000.00
110045,50000000.00,100000000.00
110080,10000000.00,15000000.00
110088,3000000.00,4500000.00
110096,3000000.00,4500000.00
110141,3000000.00,6000000.00
110155,50000000.00,75000000.00
110156,3000000.00,4500000.00
110160,20000000.00,30000000.00
110169,20000000.00,10000000.00
110218,3000000.00,6000000.00
110219,3000000.00,4500000.00
110228,3000000.00,6000000.00
110275,20000000.00,30000000.00
110292,3000000.00,4500000.00
110305,3000000.00,6000000.00
110341,50000000.00,100000000.00
110346,3000000.00,1500000.00
110348,10000000.00,20000000.00
110389,50000000.00,25000000.00
110404,20000000.00,10000000.00
110414,3000000.00,4500000.00
110448,50000000.00,25000000.00
110450,3000000.00,6000000.00
110454,3000000.00,1500000.00
110456,50000000.00,75000000.00
110458,3000000.00,4500000.00
110466,10000000.00,20000000.00
110488,3000000.00,4500000.00
110493,3000000.00,6000000.00
110536,3000000.00,1500000.00
110539,50000000.00,75000000.00
110564,3000000.00,1500000.00
110571,20000000.00,40000000.00
110576,50000000.00,75000000.00
110593,10000000.00,20000000.00
110598,10000000.00,20000000.00
110607,50000000.00,25000000.00
110609,10000000.00,5000000.00
110639,3000000.00,4500000.00
110652,50000000.00,100000000.00
110653,3000000.00,4500000.00
110666,50000000.00,25000000.00
110669,20000000.00,30000000.00
110676,50000000.00,75000000.00
110692,50000000.00,75000000.00
110709,20000000.00,30000000.00
110714,3000000.00,1500000.00
110716,20000000.00,10000000.00
110724,3000000.00,4500000.00
110746,3000000.00,6000000.00
110761,10000000.00,5000000.00
110764,3000000.00,4500000.00
110766,20000000.00,40000000.00
110784,3000000.00,6000000.00
110806,3000000.00,1500000.00
110816,20000000.00,30000000.00
110867,50000000.00,25000000.00
110888,50000000.00,75000000.00
110891,20000000.00,10000000.00
110895,3000000.00,4500000.00
110900,20000000.00,40000000.00
110938,50000000.00,75000000.00
110960,3000000.00,4500000.00
110981,20000000.00,30000000.00
111001,3000000.00,4500000.00
111008,50000000.00,75000000.00
111014,3000000.00,4500000.00
111019,50000000.00,75000000.00
111026,3000000.00,1500000.00
111027,50000000.00,100000000.00
111069,3000000.00,4500000.00
111079,20000000.00,30000000.00
111082,20000000.00,10000000.00
111096,3000000.00,4500000.00
111101,50000000.00,100000000.00
111149,50000000.00,25000000.00
111150,3000000.00,4500000.00
111157,3000000.00,1500000.00
111174,3000000.00,1500000.00
111175,50000000.00,100000000.00
111185,3000000.00,6000000.00
111196,20000000.00,40000000.00
111202,50000000.00,75000000.00
111213,3000000.00,4500000.00
111218,20000000.00,30000000.00
111231,50000000.00,75000000.00
111249,3000000.00,6000000.00
111253,20000000.00,10000000.00
111268,20000000.00,40000000.00
111308,10000000.00,5000000.00
111312,3000000.00,1500000.00
111327,20000000.00,30000000.00
111332,50000000.00,100000000.00
111346,50000000.00,100000000.00
111348,20000000.00,30000000.00
111377,3000000.00,6000000.00
111386,50000000.00,100000000.00
111402,10000000.00,15000000.00
111429,3000000.00,4500000.00
111441,50000000.00,25000000.00
111478,3000000.00,4500000.00
111480,10000000.00,15000000.00
111481,20000000.00,10000000.00
111484,3000000.00,1500000.00
111512,3000000.00,1500000.00
111523,3000000.00,4500000.00
111549,3000000.00,1500000.00
111596,10000000.00,5000000.00
111600,2000000.00,3000000.00
111605,3000000.00,1500000.00
111617,3000000.00,6000000.00
111623,50000000.00,75000000.00
111630,3000000.00,1500000.00
111674,20000000.00,10000000.00
111675,10000000.00,15000000.00
111704,20000000.00,40000000.00
111714,20000000.00,40000000.00
111731,20000000.00,30000000.00
111735,50000000.00,75000000.00
111747,3000000.00,6000000.00
111752,2000000.00,1000000.00
111754,3000000.00,6000000.00
111776,3000000.00,6000000.00
111809,10000000.00,15000000.00
111821,20000000.00,30000000.00
111852,3000000.00,6000000.00
111862,50000000.00,25000000.00
111879,10000000.00,15000000.00
111886,20000000.00,30000000.00
111892,20000000.00,30000000.00
111901,50000000.00,100000000.00
111912,50000000.00,100000000.00
111939,10000000.00,20000000.00
111956,10000000.00,15000000.00
111978,3000000.00,4500000.00
111986,3000000.00,4500000.00
112012,50000000.00,75000000.00
112018,3000000.00,6000000.00
112025,20000000.00,30000000.00
112030,50000000.00,75000000.00
112050,50000000.00,100000000.00
112053,3000000.00,6000000.00
112069,3000000.00,4500000.00
112079,50000000.00,25000000.00
112092,10000000.00,20000000.00
112094,3000000.00,4500000.00
112117,20000000.00,30000000.00
112122,1000.00,2000.00
