municipio_codigo,departamento_codigo,nombre
11001,11,"Bogotá, D.C."
05001,05,Medellín
05088,05,Bello
05360,05,Itagüí
05266,05,Envigado
05615,05,Rionegro
76001,76,Santiago de Cali
76520,76,Palmira
76109,76,Buenaventura
76834,76,Tuluá
08001,08,Barranquilla
08758,08,Soledad
13001,13,Cartagena de Indias
13430,13,Magangué
54001,54,San José de Cúcuta
68001,68,Bucaramanga
68276,68,Floridablanca
73001,73,Ibagué
50001,50,Villavicencio
47001,47,Santa Marta
20001,20,Valledupar
23001,23,Montería
66001,66,Pereira
66170,66,Dosquebradas
17001,17,Manizales
17873,17,Villamaría
17174,17,Chinchiná
17380,17,La Dorada
52001,52,Pasto
41001,41,Neiva
19001,19,Popayán
63001,63,Armenia
70001,70,Sincelejo
44001,44,Riohacha
15001,15,Tunja
15238,15,Duitama
15759,15,Sogamoso
18001,18,Florencia
85001,85,Yopal
25175,25,Chía
25269,25,Facatativá
25126,25,Cajicá
27001,27,Quibdó
81001,81,Arauca
95001,95,San José del Guaviare
86001,86,Mocoa
88001,88,San Andrés
91001,91,Leticia
94001,94,Inírida
97001,97,Mitú
99001,99,Puerto Carreño
