usuario_id,rol_codigo,vigente_desde,vigente_hasta,asignado_por
1,ADMIN_SEGURIDAD,2014-12-01 09:00:00-05:00,,
2,ADMIN_SEGURIDAD,2014-12-01 09:00:00-05:00,,1
3,AUDITOR,2014-12-01 09:00:00-05:00,,1
4,AUDITOR,2014-12-01 09:00:00-05:00,,1
5,AUDITOR,2014-12-01 09:00:00-05:00,,1
6,AUDITOR,2014-12-01 09:00:00-05:00,,1
7,AUDITOR,2014-12-01 09:00:00-05:00,,1
8,AUDITOR,2014-12-01 09:00:00-05:00,,1
9,SUPERVISOR,2014-12-01 09:00:00-05:00,,1
10,CAJERO,2014-12-01 09:00:00-05:00,,1
11,CAJERO,2014-12-01 09:00:00-05:00,,1
12,SUPERVISOR,2014-12-01 09:00:00-05:00,,1
13,CAJERO,2014-12-01 09:00:00-05:00,,1
14,CAJERO,2014-12-01 09:00:00-05:00,,1
15,SUPERVISOR,2014-12-01 09:00:00-05:00,,1
16,CAJERO,2014-12-01 09:00:00-05:00,,1
17,CAJERO,2014-12-01 09:00:00-05:00,,1
18,SUPERVISOR,2014-12-01 09:00:00-05:00,,1
19,CAJERO,2014-12-01 09:00:00-05:00,,1
20,CAJERO,2014-12-01 09:00:00-05:00,,1
21,SUPERVISOR,2014-12-01 09:00:00-05:00,,1
22,CAJERO,2014-12-01 09:00:00-05:00,,1
23,CAJERO,2014-12-01 09:00:00-05:00,,1
24,SUPERVISOR,2014-12-01 09:00:00-05:00,,1
25,CAJERO,2014-12-01 09:00:00-05:00,,1
26,CAJERO,2014-12-01 09:00:00-05:00,,1
27,SUPERVISOR,2014-12-01 09:00:00-05:00,,1
28,CAJERO,2014-12-01 09:00:00-05:00,,1
29,CAJERO,2014-12-01 09:00:00-05:00,,1
30,SUPERVISOR,2014-12-01 09:00:00-05:00,,1
31,CAJERO,2014-12-01 09:00:00-05:00,,1
32,CAJERO,2014-12-01 09:00:00-05:00,,1
33,SUPERVISOR,2014-12-01 09:00:00-05:00,,1
34,CAJERO,2014-12-01 09:00:00-05:00,,1
35,CAJERO,2014-12-01 09:00:00-05:00,,1
36,SUPERVISOR,2014-12-01 09:00:00-05:00,,1
37,CAJERO,2014-12-01 09:00:00-05:00,,1
38,CAJERO,2014-12-01 09:00:00-05:00,,1
39,SUPERVISOR,2014-12-01 09:00:00-05:00,,1
40,CAJERO,2014-12-01 09:00:00-05:00,,1
41,CAJERO,2014-12-01 09:00:00-05:00,,1
42,SUPERVISOR,2014-12-01 09:00:00-05:00,,1
43,CAJERO,2014-12-01 09:00:00-05:00,,1
44,CAJERO,2014-12-01 09:00:00-05:00,,1
45,SUPERVISOR,2014-12-01 09:00:00-05:00,,1
46,CAJERO,2014-12-01 09:00:00-05:00,,1
47,CAJERO,2014-12-01 09:00:00-05:00,,1
48,SUPERVISOR,2014-12-01 09:00:00-05:00,,1
49,CAJERO,2014-12-01 09:00:00-05:00,,1
50,CAJERO,2014-12-01 09:00:00-05:00,,1
51,SUPERVISOR,2014-12-01 09:00:00-05:00,,1
52,CAJERO,2014-12-01 09:00:00-05:00,,1
53,CAJERO,2014-12-01 09:00:00-05:00,,1
54,SUPERVISOR,2014-12-01 09:00:00-05:00,,1
55,CAJERO,2014-12-01 09:00:00-05:00,,1
56,CAJERO,2014-12-01 09:00:00-05:00,,1
57,SUPERVISOR,2014-12-01 09:00:00-05:00,,1
58,CAJERO,2014-12-01 09:00:00-05:00,,1
59,CAJERO,2014-12-01 09:00:00-05:00,,1
60,SUPERVISOR,2014-12-01 09:00:00-05:00,,1
61,CAJERO,2014-12-01 09:00:00-05:00,,1
62,CAJERO,2014-12-01 09:00:00-05:00,,1
63,SUPERVISOR,2014-12-01 09:00:00-05:00,,1
64,CAJERO,2014-12-01 09:00:00-05:00,,1
65,CAJERO,2014-12-01 09:00:00-05:00,,1
66,SUPERVISOR,2014-12-01 09:00:00-05:00,,1
67,CAJERO,2014-12-01 09:00:00-05:00,,1
68,CAJERO,2014-12-01 09:00:00-05:00,,1
69,SUPERVISOR,2014-12-01 09:00:00-05:00,,1
70,CAJERO,2014-12-01 09:00:00-05:00,,1
71,CAJERO,2014-12-01 09:00:00-05:00,,1
72,SUPERVISOR,2014-12-01 09:00:00-05:00,,1
73,CAJERO,2014-12-01 09:00:00-05:00,,1
74,CAJERO,2014-12-01 09:00:00-05:00,,1
75,SUPERVISOR,2014-12-01 09:00:00-05:00,,1
76,CAJERO,2014-12-01 09:00:00-05:00,,1
77,CAJERO,2014-12-01 09:00:00-05:00,,1
78,SUPERVISOR,2014-12-01 09:00:00-05:00,,1
79,CAJERO,2014-12-01 09:00:00-05:00,,1
80,CAJERO,2014-12-01 09:00:00-05:00,,1
81,SUPERVISOR,2014-12-01 09:00:00-05:00,,1
82,CAJERO,2014-12-01 09:00:00-05:00,,1
83,CAJERO,2014-12-01 09:00:00-05:00,,1
84,SUPERVISOR,2014-12-01 09:00:00-05:00,,1
85,CAJERO,2014-12-01 09:00:00-05:00,,1
86,CAJERO,2014-12-01 09:00:00-05:00,,1
87,SUPERVISOR,2014-12-01 09:00:00-05:00,,1
88,CAJERO,2014-12-01 09:00:00-05:00,,1
89,CAJERO,2014-12-01 09:00:00-05:00,,1
90,SUPERVISOR,2014-12-01 09:00:00-05:00,,1
91,CAJERO,2014-12-01 09:00:00-05:00,,1
92,CAJERO,2014-12-01 09:00:00-05:00,,1
93,SUPERVISOR,2014-12-01 09:00:00-05:00,,1
94,CAJERO,2014-12-01 09:00:00-05:00,,1
95,CAJERO,2014-12-01 09:00:00-05:00,,1
96,SUPERVISOR,2014-12-01 09:00:00-05:00,,1
97,CAJERO,2014-12-01 09:00:00-05:00,,1
98,CAJERO,2014-12-01 09:00:00-05:00,,1
99,SUPERVISOR,2014-12-01 09:00:00-05:00,,1
100,CAJERO,2014-12-01 09:00:00-05:00,,1
101,CAJERO,2014-12-01 09:00:00-05:00,,1
102,SUPERVISOR,2014-12-01 09:00:00-05:00,,1
103,CAJERO,2014-12-01 09:00:00-05:00,,1
104,CAJERO,2014-12-01 09:00:00-05:00,,1
105,SUPERVISOR,2014-12-01 09:00:00-05:00,,1
106,CAJERO,2014-12-01 09:00:00-05:00,,1
107,CAJERO,2014-12-01 09:00:00-05:00,,1
108,SUPERVISOR,2014-12-01 09:00:00-05:00,,1
109,CAJERO,2014-12-01 09:00:00-05:00,,1
110,CAJERO,2014-12-01 09:00:00-05:00,,1
111,SUPERVISOR,2014-12-01 09:00:00-05:00,,1
112,CAJERO,2014-12-01 09:00:00-05:00,,1
113,CAJERO,2014-12-01 09:00:00-05:00,,1
114,SUPERVISOR,2014-12-01 09:00:00-05:00,,1
115,CAJERO,2014-12-01 09:00:00-05:00,,1
116,CAJERO,2014-12-01 09:00:00-05:00,,1
117,SUPERVISOR,2014-12-01 09:00:00-05:00,,1
118,CAJERO,2014-12-01 09:00:00-05:00,,1
119,CAJERO,2014-12-01 09:00:00-05:00,,1
120,SUPERVISOR,2014-12-01 09:00:00-05:00,,1
121,CAJERO,2014-12-01 09:00:00-05:00,,1
122,CAJERO,2014-12-01 09:00:00-05:00,,1
123,SUPERVISOR,2014-12-01 09:00:00-05:00,,1
124,CAJERO,2014-12-01 09:00:00-05:00,,1
125,CAJERO,2014-12-01 09:00:00-05:00,,1
126,SUPERVISOR,2014-12-01 09:00:00-05:00,,1
127,CAJERO,2014-12-01 09:00:00-05:00,,1
128,CAJERO,2014-12-01 09:00:00-05:00,,1
129,SUPERVISOR,2014-12-01 09:00:00-05:00,,1
130,CAJERO,2014-12-01 09:00:00-05:00,,1
131,CAJERO,2014-12-01 09:00:00-05:00,,1
132,SUPERVISOR,2014-12-01 09:00:00-05:00,,1
133,CAJERO,2014-12-01 09:00:00-05:00,,1
134,CAJERO,2014-12-01 09:00:00-05:00,,1
135,SUPERVISOR,2014-12-01 09:00:00-05:00,,1
136,CAJERO,2014-12-01 09:00:00-05:00,,1
137,CAJERO,2014-12-01 09:00:00-05:00,,1
138,SUPERVISOR,2014-12-01 09:00:00-05:00,,1
139,CAJERO,2014-12-01 09:00:00-05:00,,1
140,CAJERO,2014-12-01 09:00:00-05:00,,1
141,SUPERVISOR,2014-12-01 09:00:00-05:00,,1
142,CAJERO,2014-12-01 09:00:00-05:00,,1
143,CAJERO,2014-12-01 09:00:00-05:00,,1
144,SUPERVISOR,2014-12-01 09:00:00-05:00,,1
145,CAJERO,2014-12-01 09:00:00-05:00,,1
146,CAJERO,2014-12-01 09:00:00-05:00,,1
147,SUPERVISOR,2014-12-01 09:00:00-05:00,,1
148,CAJERO,2014-12-01 09:00:00-05:00,,1
149,CAJERO,2014-12-01 09:00:00-05:00,,1
150,SUPERVISOR,2014-12-01 09:00:00-05:00,,1
151,CAJERO,2014-12-01 09:00:00-05:00,,1
152,CAJERO,2014-12-01 09:00:00-05:00,,1
153,SUPERVISOR,2014-12-01 09:00:00-05:00,,1
154,CAJERO,2014-12-01 09:00:00-05:00,,1
155,CAJERO,2014-12-01 09:00:00-05:00,,1
156,SUPERVISOR,2014-12-01 09:00:00-05:00,,1
157,CAJERO,2014-12-01 09:00:00-05:00,,1
158,CAJERO,2014-12-01 09:00:00-05:00,,1
159,SUPERVISOR,2014-12-01 09:00:00-05:00,,1
160,CAJERO,2014-12-01 09:00:00-05:00,,1
161,CAJERO,2014-12-01 09:00:00-05:00,,1
162,SUPERVISOR,2014-12-01 09:00:00-05:00,,1
163,CAJERO,2014-12-01 09:00:00-05:00,,1
164,CAJERO,2014-12-01 09:00:00-05:00,,1
165,SUPERVISOR,2014-12-01 09:00:00-05:00,,1
166,CAJERO,2014-12-01 09:00:00-05:00,,1
167,CAJERO,2014-12-01 09:00:00-05:00,,1
168,SUPERVISOR,2014-12-01 09:00:00-05:00,,1
169,CAJERO,2014-12-01 09:00:00-05:00,,1
170,CAJERO,2014-12-01 09:00:00-05:00,,1
171,SUPERVISOR,2014-12-01 09:00:00-05:00,,1
172,CAJERO,2014-12-01 09:00:00-05:00,,1
173,CAJERO,2014-12-01 09:00:00-05:00,,1
174,SUPERVISOR,2014-12-01 09:00:00-05:00,,1
175,CAJERO,2014-12-01 09:00:00-05:00,,1
176,CAJERO,2014-12-01 09:00:00-05:00,,1
177,SUPERVISOR,2014-12-01 09:00:00-05:00,,1
178,CAJERO,2014-12-01 09:00:00-05:00,,1
179,CAJERO,2014-12-01 09:00:00-05:00,,1
180,SUPERVISOR,2014-12-01 09:00:00-05:00,,1
181,CAJERO,2014-12-01 09:00:00-05:00,,1
182,CAJERO,2014-12-01 09:00:00-05:00,,1
183,SUPERVISOR,2014-12-01 09:00:00-05:00,,1
184,CAJERO,2014-12-01 09:00:00-05:00,,1
185,CAJERO,2014-12-01 09:00:00-05:00,,1
186,SUPERVISOR,2014-12-01 09:00:00-05:00,,1
187,CAJERO,2014-12-01 09:00:00-05:00,,1
188,CAJERO,2014-12-01 09:00:00-05:00,,1
189,SUPERVISOR,2014-12-01 09:00:00-05:00,,1
190,CAJERO,2014-12-01 09:00:00-05:00,,1
191,CAJERO,2014-12-01 09:00:00-05:00,,1
192,SUPERVISOR,2014-12-01 09:00:00-05:00,,1
193,CAJERO,2014-12-01 09:00:00-05:00,,1
194,CAJERO,2014-12-01 09:00:00-05:00,,1
195,SUPERVISOR,2014-12-01 09:00:00-05:00,,1
196,CAJERO,2014-12-01 09:00:00-05:00,,1
197,CAJERO,2014-12-01 09:00:00-05:00,,1
198,SUPERVISOR,2014-12-01 09:00:00-05:00,,1
199,CAJERO,2014-12-01 09:00:00-05:00,,1
200,CAJERO,2014-12-01 09:00:00-05:00,,1
201,SUPERVISOR,2014-12-01 09:00:00-05:00,,1
202,CAJERO,2014-12-01 09:00:00-05:00,,1
203,CAJERO,2014-12-01 09:00:00-05:00,,1
204,SUPERVISOR,2014-12-01 09:00:00-05:00,,1
205,CAJERO,2014-12-01 09:00:00-05:00,,1
206,CAJERO,2014-12-01 09:00:00-05:00,,1
207,SUPERVISOR,2014-12-01 09:00:00-05:00,,1
208,CAJERO,2014-12-01 09:00:00-05:00,,1
209,CAJERO,2014-12-01 09:00:00-05:00,,1
210,SUPERVISOR,2014-12-01 09:00:00-05:00,,1
211,CAJERO,2014-12-01 09:00:00-05:00,,1
212,CAJERO,2014-12-01 09:00:00-05:00,,1
213,SUPERVISOR,2014-12-01 09:00:00-05:00,,1
214,CAJERO,2014-12-01 09:00:00-05:00,,1
215,CAJERO,2014-12-01 09:00:00-05:00,,1
216,SUPERVISOR,2014-12-01 09:00:00-05:00,,1
217,CAJERO,2014-12-01 09:00:00-05:00,,1
218,CAJERO,2014-12-01 09:00:00-05:00,,1
219,SUPERVISOR,2014-12-01 09:00:00-05:00,,1
220,CAJERO,2014-12-01 09:00:00-05:00,,1
221,CAJERO,2014-12-01 09:00:00-05:00,,1
222,SUPERVISOR,2014-12-01 09:00:00-05:00,,1
223,CAJERO,2014-12-01 09:00:00-05:00,,1
224,CAJERO,2014-12-01 09:00:00-05:00,,1
225,SUPERVISOR,2014-12-01 09:00:00-05:00,,1
226,CAJERO,2014-12-01 09:00:00-05:00,,1
227,CAJERO,2014-12-01 09:00:00-05:00,,1
228,SUPERVISOR,2014-12-01 09:00:00-05:00,,1
229,CAJERO,2014-12-01 09:00:00-05:00,,1
230,CAJERO,2014-12-01 09:00:00-05:00,,1
231,SUPERVISOR,2014-12-01 09:00:00-05:00,,1
232,CAJERO,2014-12-01 09:00:00-05:00,,1
233,CAJERO,2014-12-01 09:00:00-05:00,,1
234,SUPERVISOR,2014-12-01 09:00:00-05:00,,1
235,CAJERO,2014-12-01 09:00:00-05:00,,1
236,CAJERO,2014-12-01 09:00:00-05:00,,1
237,SUPERVISOR,2014-12-01 09:00:00-05:00,,1
238,CAJERO,2014-12-01 09:00:00-05:00,,1
239,CAJERO,2014-12-01 09:00:00-05:00,,1
240,SUPERVISOR,2014-12-01 09:00:00-05:00,,1
241,CAJERO,2014-12-01 09:00:00-05:00,,1
242,CAJERO,2014-12-01 09:00:00-05:00,,1
243,SUPERVISOR,2014-12-01 09:00:00-05:00,,1
244,CAJERO,2014-12-01 09:00:00-05:00,,1
245,CAJERO,2014-12-01 09:00:00-05:00,,1
246,SUPERVISOR,2014-12-01 09:00:00-05:00,,1
247,CAJERO,2014-12-01 09:00:00-05:00,,1
248,CAJERO,2014-12-01 09:00:00-05:00,,1
249,SUPERVISOR,2014-12-01 09:00:00-05:00,,1
250,CAJERO,2014-12-01 09:00:00-05:00,,1
251,CAJERO,2014-12-01 09:00:00-05:00,,1
252,SUPERVISOR,2014-12-01 09:00:00-05:00,,1
253,CAJERO,2014-12-01 09:00:00-05:00,,1
254,CAJERO,2014-12-01 09:00:00-05:00,,1
255,SUPERVISOR,2014-12-01 09:00:00-05:00,,1
256,CAJERO,2014-12-01 09:00:00-05:00,,1
257,CAJERO,2014-12-01 09:00:00-05:00,,1
258,SUPERVISOR,2014-12-01 09:00:00-05:00,,1
259,CAJERO,2014-12-01 09:00:00-05:00,,1
260,CAJERO,2014-12-01 09:00:00-05:00,,1
261,SUPERVISOR,2014-12-01 09:00:00-05:00,,1
262,CAJERO,2014-12-01 09:00:00-05:00,,1
263,CAJERO,2014-12-01 09:00:00-05:00,,1
264,SUPERVISOR,2014-12-01 09:00:00-05:00,,1
265,CAJERO,2014-12-01 09:00:00-05:00,,1
266,CAJERO,2014-12-01 09:00:00-05:00,,1
267,SUPERVISOR,2014-12-01 09:00:00-05:00,,1
268,CAJERO,2014-12-01 09:00:00-05:00,,1
269,CAJERO,2014-12-01 09:00:00-05:00,,1
