usuario_id,login,tipo_documento,numero_documento,nombres,apellidos,oficina_id,estado,creado_en
1,aperez,CC,71519575,Andrea,Pérez Gonzáles,,ACTIVO,2014-12-01 09:00:00-05:00
2,aortega,CC,71111955,Andrés,Ortega Gutiérrez,,ACTIVO,2014-12-01 09:00:00-05:00
3,dmoreno,CC,72691782,Diego,Moreno Sanabria,,ACTIVO,2014-12-01 09:00:00-05:00
4,jfuentes,CC,79107184,Juan,Fuentes Cárdenas,,ACTIVO,2014-12-01 09:00:00-05:00
5,egutierrez,CC,72084256,Elena,Gutiérrez Ardila,,ACTIVO,2014-12-01 09:00:00-05:00
6,erodriguez,CC,77928855,Edilma,Rodríguez Galindo,,ACTIVO,2014-12-01 09:00:00-05:00
7,mmoreno,CC,70220194,Mayra,Moreno Mora,,ACTIVO,2014-12-01 09:00:00-05:00
8,zgalindo,CC,74857463,Zoraida,Galindo Montoya,,ACTIVO,2014-12-01 09:00:00-05:00
9,aarango,CC,70042415,Alejandra,Arango Martínez,1,ACTIVO,2014-12-01 09:00:00-05:00
10,fcardenas,CC,73991060,Ferney,Cárdenas Agudelo,1,ACTIVO,2014-12-01 09:00:00-05:00
11,lcastano,CC,79896821,Luis,Castaño Sarmiento,1,ACTIVO,2014-12-01 09:00:00-05:00
12,mrueda,CC,77913762,María,Rueda Oviedo,2,ACTIVO,2014-12-01 09:00:00-05:00
13,pguevara,CC,76446629,Pedro,Guevara Díaz,2,ACTIVO,2014-12-01 09:00:00-05:00
14,hacosta,CC,77595284,Hugo,Acosta Mejía,2,ACTIVO,2014-12-01 09:00:00-05:00
15,aarango2,CC,73279829,Andrés,Arango Morales,3,ACTIVO,2014-12-01 09:00:00-05:00
16,lmoreno,CC,72663686,Luz,Moreno Castro,3,ACTIVO,2014-12-01 09:00:00-05:00
17,jpolo,CC,74802940,Jesús,Polo Rojas,3,ACTIVO,2014-12-01 09:00:00-05:00
18,rlara,CC,76082554,Rosa,Lara Lozano,4,ACTIVO,2014-12-01 09:00:00-05:00
19,ynavarro,CC,77294860,Yesid,Navarro Moreno,4,ACTIVO,2014-12-01 09:00:00-05:00
20,iortiz,CC,73282673,Irene,Ortiz Quiroz,4,ACTIVO,2014-12-01 09:00:00-05:00
21,jamaya,CC,70261884,Juan,Amaya Vargas,5,ACTIVO,2014-12-01 09:00:00-05:00
22,ahernandez,CC,78360099,Adriana,Hernández Rodríguez,5,ACTIVO,2014-12-01 09:00:00-05:00
23,gsanchez,CC,77411183,Gildardo,Sánchez Villa,5,ACTIVO,2014-12-01 09:00:00-05:00
24,jvalencia,CC,79656393,Javier,Valencia Arboleda,6,ACTIVO,2014-12-01 09:00:00-05:00
25,mgiraldo,CC,73954640,María,Giraldo Ortiz,6,ACTIVO,2014-12-01 09:00:00-05:00
26,jmora,CC,76071093,Jimmy,Mora García,6,ACTIVO,2014-12-01 09:00:00-05:00
27,eramirez,CC,78459847,Estefanía,Ramírez González,7,ACTIVO,2014-12-01 09:00:00-05:00
28,acastro,CC,74073373,Adriana,Castro Londoño,7,ACTIVO,2014-12-01 09:00:00-05:00
29,cmorales,CC,77922334,Claudia,Morales Delgado,7,ACTIVO,2014-12-01 09:00:00-05:00
30,jzapata,CC,79008766,Jairo,Zapata Uribe,8,ACTIVO,2014-12-01 09:00:00-05:00
31,malarcon,CC,78208079,Marleny,Alarcón Acosta,8,ACTIVO,2014-12-01 09:00:00-05:00
32,mvelasco,CC,73327693,Manuel,Velasco Cardona,8,ACTIVO,2014-12-01 09:00:00-05:00
33,psanchez,CC,74044612,Patricia,Sánchez Morales,9,ACTIVO,2014-12-01 09:00:00-05:00
34,dcastro,CC,71040741,Dolores,Castro Hernández,9,ACTIVO,2014-12-01 09:00:00-05:00
35,imontenegro,CC,72892610,Isabel,Montenegro García,9,ACTIVO,2014-12-01 09:00:00-05:00
36,pramirez,CC,71022323,Paola,Ramírez Ortiz,10,ACTIVO,2014-12-01 09:00:00-05:00
37,sgiraldo,CC,77630061,Sebastián,Giraldo Hurtado,10,ACTIVO,2014-12-01 09:00:00-05:00
38,fsuarez,CC,75182583,Francisco,Suárez Ortiz,10,ACTIVO,2014-12-01 09:00:00-05:00
39,etorres,CC,79364322,Edwar,Torres Torres,11,ACTIVO,2014-12-01 09:00:00-05:00
40,mgiraldo2,CC,78117300,Manuela,Giraldo Vera,11,ACTIVO,2014-12-01 09:00:00-05:00
41,mtorres,CC,70152678,María,Torres Mantilla,11,ACTIVO,2014-12-01 09:00:00-05:00
42,rhernandez,CC,70677269,Ramón,Hernández Gómez,12,ACTIVO,2014-12-01 09:00:00-05:00
43,dcaicedo,CC,72238800,Doris,Caicedo Aguirre,12,ACTIVO,2014-12-01 09:00:00-05:00
44,ljimenez,CC,71566895,Liseth,Jiménez Rivera,12,ACTIVO,2014-12-01 09:00:00-05:00
45,acorrea,CC,70612784,Alberto,Correa Solano,13,ACTIVO,2014-12-01 09:00:00-05:00
46,jrubio,CC,73001824,Janeth,Rubio Rincón,13,ACTIVO,2014-12-01 09:00:00-05:00
47,mmunoz,CC,72143326,María,Muñoz Correa,13,ACTIVO,2014-12-01 09:00:00-05:00
48,arodriguez,CC,78391357,Andrea,Rodríguez Durán,14,ACTIVO,2014-12-01 09:00:00-05:00
49,jrojas,CC,78007492,Janeth,Rojas Rodríguez,14,ACTIVO,2014-12-01 09:00:00-05:00
50,jduarte,CC,71912249,Janeth,Duarte Guerrero,14,ACTIVO,2014-12-01 09:00:00-05:00
51,cramirez,CC,77285885,Cecilia,Ramírez Rodríguez,15,ACTIVO,2014-12-01 09:00:00-05:00
52,fjaramillo,CC,79035002,Francy,Jaramillo Rengifo,15,ACTIVO,2014-12-01 09:00:00-05:00
53,jgarcia,CC,76150771,José,García Jaimes,15,ACTIVO,2014-12-01 09:00:00-05:00
54,jcorrea,CC,78350877,Julián,Correa Quintero,16,ACTIVO,2014-12-01 09:00:00-05:00
55,mparra,CC,70955325,Marcela,Parra Valencia,16,ACTIVO,2014-12-01 09:00:00-05:00
56,mjaimes,CC,71649194,Milena,Jaimes Rentería,16,ACTIVO,2014-12-01 09:00:00-05:00
57,xsepulveda,CC,73893947,Ximena,Sepúlveda Acevedo,17,ACTIVO,2014-12-01 09:00:00-05:00
58,gsanabria,CC,75265184,Gilberto,Sanabria Arévalo,17,ACTIVO,2014-12-01 09:00:00-05:00
59,squintero,CC,74722950,Sandra,Quintero Suárez,17,ACTIVO,2014-12-01 09:00:00-05:00
60,ptorres,CC,75717014,Patricia,Torres Jiménez,18,ACTIVO,2014-12-01 09:00:00-05:00
61,mperdomo,CC,75717286,Mercedes,Perdomo Gamboa,18,ACTIVO,2014-12-01 09:00:00-05:00
62,lalvarez,CC,73446325,Luis,Álvarez López,18,ACTIVO,2014-12-01 09:00:00-05:00
63,jmunoz,CC,77279745,Jazmín,Muñoz Andrade,19,ACTIVO,2014-12-01 09:00:00-05:00
64,esarmiento,CC,73059788,Elena,Sarmiento Aguirre,19,ACTIVO,2014-12-01 09:00:00-05:00
65,lmena,CC,74493626,Libia,Mena Rodríguez,19,ACTIVO,2014-12-01 09:00:00-05:00
66,eramirez2,CC,78569422,Eliecer,Ramírez Franco,20,ACTIVO,2014-12-01 09:00:00-05:00
67,mjaramillo,CC,78982489,Mariana,Jaramillo Gómez,20,ACTIVO,2014-12-01 09:00:00-05:00
68,iordonez,CC,73645045,Ibeth,Ordóñez Patiño,20,ACTIVO,2014-12-01 09:00:00-05:00
69,jospino,CC,75093196,Jorge,Ospino Monsalve,21,ACTIVO,2014-12-01 09:00:00-05:00
70,jfernandez,CC,73970190,José,Fernández Pineda,21,ACTIVO,2014-12-01 09:00:00-05:00
71,ahenao,CC,79420485,Augusto,Henao Galeano,21,ACTIVO,2014-12-01 09:00:00-05:00
72,alopez,CC,77994848,Alberto,López Gómez,22,ACTIVO,2014-12-01 09:00:00-05:00
73,apacheco,CC,73759717,Alexander,Pacheco Sánchez,22,ACTIVO,2014-12-01 09:00:00-05:00
74,clopez,CC,74445825,Cristina,López Rengifo,22,ACTIVO,2014-12-01 09:00:00-05:00
75,rguzman,CC,79034439,Rosa,Guzmán Castillo,23,ACTIVO,2014-12-01 09:00:00-05:00
76,ssierra,CC,76193295,Stiven,Sierra Gómez,23,ACTIVO,2014-12-01 09:00:00-05:00
77,mguerrero,CC,74141111,Mercedes,Guerrero Mosquera,23,ACTIVO,2014-12-01 09:00:00-05:00
78,iortega,CC,73479204,Isabel,Ortega Granados,24,ACTIVO,2014-12-01 09:00:00-05:00
79,jjaramillo,CC,72151443,Johana,Jaramillo Ríos,24,ACTIVO,2014-12-01 09:00:00-05:00
80,mvasquez,CC,78482371,Mercedes,Vásquez Caicedo,24,ACTIVO,2014-12-01 09:00:00-05:00
81,glopez,CC,70126791,Gloria,López Ruiz,25,ACTIVO,2014-12-01 09:00:00-05:00
82,dochoa,CC,76569445,Dary,Ochoa Torres,25,ACTIVO,2014-12-01 09:00:00-05:00
83,mcordoba,CC,78309081,Martha,Córdoba Ortega,25,ACTIVO,2014-12-01 09:00:00-05:00
84,ggaitan,CC,72634748,Gloria,Gaitán Rodríguez,26,ACTIVO,2014-12-01 09:00:00-05:00
85,alopez2,CC,75517860,Alexander,López Quintero,26,ACTIVO,2014-12-01 09:00:00-05:00
86,xmorales,CC,70189952,Ximena,Morales Daza,26,ACTIVO,2014-12-01 09:00:00-05:00
87,dsandoval,CC,76518678,Diana,Sandoval Romero,27,ACTIVO,2014-12-01 09:00:00-05:00
88,auribe,CC,76687027,Andrés,Uribe López,27,ACTIVO,2014-12-01 09:00:00-05:00
89,mperea,CC,74470208,Mario,Perea Restrepo,27,ACTIVO,2014-12-01 09:00:00-05:00
90,opalacios,CC,78677575,Óscar,Palacios González,28,ACTIVO,2014-12-01 09:00:00-05:00
91,emunoz,CC,78490885,Elena,Muñoz Castillo,28,ACTIVO,2014-12-01 09:00:00-05:00
92,evega,CC,71361960,Edisson,Vega Uribe,28,ACTIVO,2014-12-01 09:00:00-05:00
93,fmunoz,CC,70848394,Fabián,Muñoz López,29,ACTIVO,2014-12-01 09:00:00-05:00
94,lnunez,CC,77452168,Luis,Núñez Morales,29,ACTIVO,2014-12-01 09:00:00-05:00
95,agomez,CC,78210886,Alejandro,Gómez Domínguez,29,ACTIVO,2014-12-01 09:00:00-05:00
96,larango,CC,73316911,Leydi,Arango Ortiz,30,ACTIVO,2014-12-01 09:00:00-05:00
97,lalzate,CC,74665679,Laura,Alzate Luna,30,ACTIVO,2014-12-01 09:00:00-05:00
98,hmunoz,CC,71955761,Héctor,Muñoz León,30,ACTIVO,2014-12-01 09:00:00-05:00
99,ruribe,CC,73451584,Rosa,Uribe Giraldo,31,ACTIVO,2014-12-01 09:00:00-05:00
100,lcortes,CC,73750579,Leonardo,Cortés Salazar,31,ACTIVO,2014-12-01 09:00:00-05:00
101,lperez,CC,74598834,Lilia,Pérez Muñoz,31,ACTIVO,2014-12-01 09:00:00-05:00
102,hortega,CC,79434768,Henry,Ortega Villa,32,ACTIVO,2014-12-01 09:00:00-05:00
103,mgarzon,CC,71760305,Mary,Garzón Reyes,32,ACTIVO,2014-12-01 09:00:00-05:00
104,eduque,CC,72792867,Edison,Duque Betancur,32,ACTIVO,2014-12-01 09:00:00-05:00
105,mperez,CC,76077492,Marina,Pérez López,33,ACTIVO,2014-12-01 09:00:00-05:00
106,fvera,CC,73227575,Fabiola,Vera Cruz,33,ACTIVO,2014-12-01 09:00:00-05:00
107,apacheco2,CC,78683370,Alejandro,Pacheco Galvis,33,ACTIVO,2014-12-01 09:00:00-05:00
108,srojas,CC,78056189,Sebastián,Rojas Vallejo,34,ACTIVO,2014-12-01 09:00:00-05:00
109,jnarvaez,CC,72204498,José,Narváez Romero,34,ACTIVO,2014-12-01 09:00:00-05:00
110,sserrano,CC,78321621,Sebastián,Serrano Gómez,34,ACTIVO,2014-12-01 09:00:00-05:00
111,lcamacho,CC,72538135,Libia,Camacho Zapata,35,ACTIVO,2014-12-01 09:00:00-05:00
112,asanchez,CC,73308394,Adriana,Sánchez Correa,35,ACTIVO,2014-12-01 09:00:00-05:00
113,losorio,CC,76962573,Luis,Osorio Arias,35,ACTIVO,2014-12-01 09:00:00-05:00
114,mriascos,CC,78036589,Manuel,Riascos Ortiz,36,ACTIVO,2014-12-01 09:00:00-05:00
115,orivas,CC,76174295,Orlando,Rivas Bejarano,36,ACTIVO,2014-12-01 09:00:00-05:00
116,jramirez,CC,75209049,Johanna,Ramírez Morales,36,ACTIVO,2014-12-01 09:00:00-05:00
117,mvalencia,CC,77553355,María,Valencia Vélez,37,ACTIVO,2014-12-01 09:00:00-05:00
118,lsuarez,CC,71165259,Ligia,Suárez Ortiz,37,ACTIVO,2014-12-01 09:00:00-05:00
119,dhernandez,CC,78737235,David,Hernández Ramos,37,ACTIVO,2014-12-01 09:00:00-05:00
120,alopez3,CC,72433281,Armando,López Galvis,38,ACTIVO,2014-12-01 09:00:00-05:00
121,blopez,CC,76153090,Bibiana,López Cantillo,38,ACTIVO,2014-12-01 09:00:00-05:00
122,cmosquera,CC,77881504,Carlos,Mosquera Ortega,38,ACTIVO,2014-12-01 09:00:00-05:00
123,ybolanos,CC,77686795,Yolanda,Bolaños Carvajal,39,ACTIVO,2014-12-01 09:00:00-05:00
124,esanchez,CC,74684916,Edwin,Sánchez Moreno,39,ACTIVO,2014-12-01 09:00:00-05:00
125,mrodriguez,CC,79858136,Mauricio,Rodríguez Bedoya,39,ACTIVO,2014-12-01 09:00:00-05:00
126,jjimenez,CC,72181556,Jhon,Jiménez Ortiz,40,ACTIVO,2014-12-01 09:00:00-05:00
127,portiz,CC,72361702,Patricia,Ortiz Vargas,40,ACTIVO,2014-12-01 09:00:00-05:00
128,arivera,CC,71377734,Alfredo,Rivera Hernández,40,ACTIVO,2014-12-01 09:00:00-05:00
129,mrodriguez2,CC,70793495,Manuel,Rodríguez Bustos,41,ACTIVO,2014-12-01 09:00:00-05:00
130,aparra,CC,71984304,Andrés,Parra García,41,ACTIVO,2014-12-01 09:00:00-05:00
131,jrestrepo,CC,77749378,Jairo,Restrepo Medina,41,ACTIVO,2014-12-01 09:00:00-05:00
132,gcarrillo,CC,73332095,Gladys,Carrillo Serna,42,ACTIVO,2014-12-01 09:00:00-05:00
133,apalacios,CC,74446650,Aura,Palacios Jaimes,42,ACTIVO,2014-12-01 09:00:00-05:00
134,emejia,CC,78734062,Enrique,Mejía Benavides,42,ACTIVO,2014-12-01 09:00:00-05:00
135,ehernandez,CC,76497627,Emilio,Hernández López,43,ACTIVO,2014-12-01 09:00:00-05:00
136,hcastillo,CC,79986665,Hernando,Castillo Mosquera,43,ACTIVO,2014-12-01 09:00:00-05:00
137,lvergara,CC,72979059,Leonardo,Vergara Rodríguez,43,ACTIVO,2014-12-01 09:00:00-05:00
138,cduarte,CC,75094154,Carmen,Duarte Mejía,44,ACTIVO,2014-12-01 09:00:00-05:00
139,lperez2,CC,76401141,Leonor,Pérez Peña,44,ACTIVO,2014-12-01 09:00:00-05:00
140,grivera,CC,74519594,Gustavo,Rivera Flórez,44,ACTIVO,2014-12-01 09:00:00-05:00
141,cmena,CC,70568112,Carlos,Mena Marín,45,ACTIVO,2014-12-01 09:00:00-05:00
142,cvargas,CC,73663457,Catalina,Vargas Duque,45,ACTIVO,2014-12-01 09:00:00-05:00
143,frendon,CC,77656948,Francisco,Rendón Vargas,45,ACTIVO,2014-12-01 09:00:00-05:00
144,sbonilla,CC,73711091,Sandra,Bonilla Ruiz,46,ACTIVO,2014-12-01 09:00:00-05:00
145,asierra,CC,77132033,Alexander,Sierra Romero,46,ACTIVO,2014-12-01 09:00:00-05:00
146,asolano,CC,76520959,Alexandra,Solano Quintero,46,ACTIVO,2014-12-01 09:00:00-05:00
147,hrojas,CC,72926111,Heidy,Rojas Calderón,47,ACTIVO,2014-12-01 09:00:00-05:00
148,yariza,CC,75794899,Yolima,Ariza González,47,ACTIVO,2014-12-01 09:00:00-05:00
149,cguevara,CC,70542612,Cristian,Guevara García,47,ACTIVO,2014-12-01 09:00:00-05:00
150,lortiz,CC,71072737,Lidia,Ortiz Arias,48,ACTIVO,2014-12-01 09:00:00-05:00
151,lcastillo,CC,73665053,Luz,Castillo Gómez,48,ACTIVO,2014-12-01 09:00:00-05:00
152,fcuellar,CC,75702470,Fernanda,Cuéllar González,48,ACTIVO,2014-12-01 09:00:00-05:00
153,ljaramillo,CC,78240584,Luis,Jaramillo Sánchez,49,ACTIVO,2014-12-01 09:00:00-05:00
154,mcano,CC,73823128,Marlene,Cano Arévalo,49,ACTIVO,2014-12-01 09:00:00-05:00
155,asaavedra,CC,72146519,Andrés,Saavedra Rico,49,ACTIVO,2014-12-01 09:00:00-05:00
156,jsanchez,CC,73564507,Jairo,Sánchez Peña,50,ACTIVO,2014-12-01 09:00:00-05:00
157,jmarquez,CC,70544438,José,Márquez Hurtado,50,ACTIVO,2014-12-01 09:00:00-05:00
158,pgutierrez,CC,73016455,Paulo,Gutiérrez Gutiérrez,50,ACTIVO,2014-12-01 09:00:00-05:00
159,emolina,CC,75862076,Elena,Molina Ramírez,51,ACTIVO,2014-12-01 09:00:00-05:00
160,jrincon,CC,79235116,Jhon,Rincón Buitrago,51,ACTIVO,2014-12-01 09:00:00-05:00
161,gsepulveda,CC,70221314,Gabriel,Sepúlveda Jiménez,51,ACTIVO,2014-12-01 09:00:00-05:00
162,lgiraldo,CC,70999463,Leonardo,Giraldo Rivas,52,ACTIVO,2014-12-01 09:00:00-05:00
163,dbuitrago,CC,77485835,David,Buitrago Molina,52,ACTIVO,2014-12-01 09:00:00-05:00
164,dvargas,CC,75007974,Dayana,Vargas Quintero,52,ACTIVO,2014-12-01 09:00:00-05:00
165,aalzate,CC,77860188,Armando,Alzate Correa,53,ACTIVO,2014-12-01 09:00:00-05:00
166,jgarcia2,CC,76348749,Josefina,García Franco,53,ACTIVO,2014-12-01 09:00:00-05:00
167,vcorrea,CC,76154557,Virginia,Correa Hernández,53,ACTIVO,2014-12-01 09:00:00-05:00
168,czambrano,CC,77872645,Claudia,Zambrano Ramírez,54,ACTIVO,2014-12-01 09:00:00-05:00
169,jjimenez2,CC,71052491,José,Jiménez Sarmiento,54,ACTIVO,2014-12-01 09:00:00-05:00
170,lpineda,CC,70246143,Lida,Pineda Gómez,54,ACTIVO,2014-12-01 09:00:00-05:00
171,isoto,CC,76306956,Isabel,Soto Gómez,55,ACTIVO,2014-12-01 09:00:00-05:00
172,nrojas,CC,78269436,Nelson,Rojas Restrepo,55,ACTIVO,2014-12-01 09:00:00-05:00
173,lflorez,CC,75519153,Lida,Flórez Calderón,55,ACTIVO,2014-12-01 09:00:00-05:00
174,mperez2,CC,70213858,Miguel,Pérez Gaitán,56,ACTIVO,2014-12-01 09:00:00-05:00
175,emoreno,CC,74384623,Edwin,Moreno Molina,56,ACTIVO,2014-12-01 09:00:00-05:00
176,mvergara,CC,77875019,María,Vergara Vargas,56,ACTIVO,2014-12-01 09:00:00-05:00
177,arodriguez2,CC,70010207,Adolfo,Rodríguez Vargas,57,ACTIVO,2014-12-01 09:00:00-05:00
178,jmesa,CC,71522122,Jesús,Mesa Gómez,57,ACTIVO,2014-12-01 09:00:00-05:00
179,lflorez2,CC,70228557,Lorena,Flórez Sánchez,57,ACTIVO,2014-12-01 09:00:00-05:00
180,mromero,CC,78192018,Mary,Romero Castañeda,58,ACTIVO,2014-12-01 09:00:00-05:00
181,hjaimes,CC,76302448,Hermes,Jaimes Zuluaga,58,ACTIVO,2014-12-01 09:00:00-05:00
182,rbecerra,CC,74304270,Ramón,Becerra Sanabria,58,ACTIVO,2014-12-01 09:00:00-05:00
183,dcordoba,CC,73514791,Dayana,Córdoba González,59,ACTIVO,2014-12-01 09:00:00-05:00
184,jgil,CC,74154952,Juan,Gil López,59,ACTIVO,2014-12-01 09:00:00-05:00
185,dnavarro,CC,70449570,Diana,Navarro Arrieta,59,ACTIVO,2014-12-01 09:00:00-05:00
186,elondono,CC,73168280,Esther,Londoño Palacio,60,ACTIVO,2014-12-01 09:00:00-05:00
187,yramos,CC,76297132,Yolima,Ramos Rueda,60,ACTIVO,2014-12-01 09:00:00-05:00
188,gmaldonado,CC,77002669,Gloria,Maldonado Rivera,60,ACTIVO,2014-12-01 09:00:00-05:00
189,halvarez,CC,72652643,Hugo,Álvarez Villegas,61,ACTIVO,2014-12-01 09:00:00-05:00
190,dlozano,CC,73424688,Damaris,Lozano Sánchez,61,ACTIVO,2014-12-01 09:00:00-05:00
191,rruiz,CC,78591296,Rodrigo,Ruiz Erazo,61,ACTIVO,2014-12-01 09:00:00-05:00
192,apaez,CC,70147222,Augusto,Páez Medina,62,ACTIVO,2014-12-01 09:00:00-05:00
193,nmunoz,CC,71143257,Nubia,Muñoz Salazar,62,ACTIVO,2014-12-01 09:00:00-05:00
194,gcastillo,CC,77340461,Gloria,Castillo Sánchez,62,ACTIVO,2014-12-01 09:00:00-05:00
195,clopez2,CC,74493981,César,López Zapata,63,ACTIVO,2014-12-01 09:00:00-05:00
196,mromero2,CC,79548241,Mercedes,Romero Bolívar,63,ACTIVO,2014-12-01 09:00:00-05:00
197,nsanchez,CC,77306232,Natalia,Sánchez Pérez,63,ACTIVO,2014-12-01 09:00:00-05:00
198,agomez2,CC,79398913,Andrea,Gómez Arrieta,64,ACTIVO,2014-12-01 09:00:00-05:00
199,cariza,CC,78397707,Carlos,Ariza Sánchez,64,ACTIVO,2014-12-01 09:00:00-05:00
200,rarias,CC,71340006,Ricardo,Arias Suárez,64,ACTIVO,2014-12-01 09:00:00-05:00
201,lgutierrez,CC,75793894,Luis,Gutiérrez Osorio,65,ACTIVO,2014-12-01 09:00:00-05:00
202,svalencia,CC,77878758,Sergio,Valencia Velásquez,65,ACTIVO,2014-12-01 09:00:00-05:00
203,erios,CC,75660014,Esperanza,Ríos Rodríguez,65,ACTIVO,2014-12-01 09:00:00-05:00
204,lballesteros,CC,70448078,Luz,Ballesteros Sandoval,66,ACTIVO,2014-12-01 09:00:00-05:00
205,msanchez,CC,72239567,Marleny,Sánchez Londoño,66,ACTIVO,2014-12-01 09:00:00-05:00
206,mperez3,CC,76807786,María,Pérez Jiménez,66,ACTIVO,2014-12-01 09:00:00-05:00
207,gruiz,CC,76556732,Gabriel,Ruiz Nieto,67,ACTIVO,2014-12-01 09:00:00-05:00
208,cruiz,CC,75485622,Carolina,Ruiz López,67,ACTIVO,2014-12-01 09:00:00-05:00
209,dmontoya,CC,73444204,Diana,Montoya Salcedo,67,ACTIVO,2014-12-01 09:00:00-05:00
210,mfranco,CC,72440469,María,Franco Rueda,68,ACTIVO,2014-12-01 09:00:00-05:00
211,yrojas,CC,71341096,Yesenia,Rojas Martínez,68,ACTIVO,2014-12-01 09:00:00-05:00
212,aguzman,CC,78763435,Adriana,Guzmán Gómez,68,ACTIVO,2014-12-01 09:00:00-05:00
213,imartinez,CC,76489164,Inés,Martínez Montoya,69,ACTIVO,2014-12-01 09:00:00-05:00
214,iruiz,CC,75546084,Isabel,Ruiz Gutiérrez,69,ACTIVO,2014-12-01 09:00:00-05:00
215,agomez3,CC,74802893,Andrea,Gómez Daza,69,ACTIVO,2014-12-01 09:00:00-05:00
216,lrios,CC,71826066,Lucía,Ríos Rodríguez,70,ACTIVO,2014-12-01 09:00:00-05:00
217,dgaitan,CC,77948220,Dario,Gaitán Jiménez,70,ACTIVO,2014-12-01 09:00:00-05:00
218,atorres,CC,75603352,Alberto,Torres Meza,70,ACTIVO,2014-12-01 09:00:00-05:00
219,cbermudez,CC,74741096,Carlos,Bermúdez Muñoz,71,ACTIVO,2014-12-01 09:00:00-05:00
220,mperez4,CC,75106263,María,Pérez Molina,71,ACTIVO,2014-12-01 09:00:00-05:00
221,elopez,CC,71111444,Eugenio,López Carrillo,71,ACTIVO,2014-12-01 09:00:00-05:00
222,ssoto,CC,74892918,Susana,Soto Giraldo,72,ACTIVO,2014-12-01 09:00:00-05:00
223,mmontoya,CC,73771941,Marlon,Montoya Espinosa,72,ACTIVO,2014-12-01 09:00:00-05:00
224,eherrera,CC,74905154,Edwin,Herrera Prieto,72,ACTIVO,2014-12-01 09:00:00-05:00
225,bgutierrez,CC,75220543,Brayan,Gutiérrez Agudelo,73,ACTIVO,2014-12-01 09:00:00-05:00
226,hbedoya,CC,71904344,Hernando,Bedoya Gamboa,73,ACTIVO,2014-12-01 09:00:00-05:00
227,sgomez,CC,79332979,Santiago,Gómez Cruz,73,ACTIVO,2014-12-01 09:00:00-05:00
228,jmurillo,CC,75236663,Jair,Murillo Castaño,74,ACTIVO,2014-12-01 09:00:00-05:00
229,jmejia,CC,71741995,Juan,Mejía Pérez,74,ACTIVO,2014-12-01 09:00:00-05:00
230,ccuesta,CC,73375037,Claudia,Cuesta Cortés,74,ACTIVO,2014-12-01 09:00:00-05:00
231,lmeza,CC,78205977,Lorena,Meza Bonilla,75,ACTIVO,2014-12-01 09:00:00-05:00
232,lcortes2,CC,74834484,Leonardo,Cortés Mendoza,75,ACTIVO,2014-12-01 09:00:00-05:00
233,jobando,CC,74247564,James,Obando Acosta,75,ACTIVO,2014-12-01 09:00:00-05:00
234,vcardona,CC,74933842,Vanessa,Cardona Quintero,76,ACTIVO,2014-12-01 09:00:00-05:00
235,erodriguez2,CC,73238006,Eliecer,Rodríguez Acosta,76,ACTIVO,2014-12-01 09:00:00-05:00
236,fparra,CC,72128410,Fabián,Parra Villamizar,76,ACTIVO,2014-12-01 09:00:00-05:00
237,prios,CC,78803386,Patricia,Ríos Ramírez,77,ACTIVO,2014-12-01 09:00:00-05:00
238,mprada,CC,77240598,María,Prada Galvis,77,ACTIVO,2014-12-01 09:00:00-05:00
239,acastro2,CC,76617963,Andrés,Castro Bravo,77,ACTIVO,2014-12-01 09:00:00-05:00
240,ymartinez,CC,77601292,Yasmín,Martínez Marín,78,ACTIVO,2014-12-01 09:00:00-05:00
241,ytorres,CC,70172127,Yolanda,Torres Duarte,78,ACTIVO,2014-12-01 09:00:00-05:00
242,fquintero,CC,76785260,Fredy,Quintero Cárdenas,78,ACTIVO,2014-12-01 09:00:00-05:00
243,avargas,CC,73344700,Andrés,Vargas Valencia,79,ACTIVO,2014-12-01 09:00:00-05:00
244,morozco,CC,73077163,María,Orozco Hernández,79,ACTIVO,2014-12-01 09:00:00-05:00
245,fforero,CC,72846835,Fernando,Forero Ochoa,79,ACTIVO,2014-12-01 09:00:00-05:00
246,shernandez,CC,76804948,Shirley,Hernández Torres,80,ACTIVO,2014-12-01 09:00:00-05:00
247,cgalindo,CC,75864512,Cristina,Galindo Franco,80,ACTIVO,2014-12-01 09:00:00-05:00
248,rtorres,CC,79538163,Raúl,Torres Morales,80,ACTIVO,2014-12-01 09:00:00-05:00
249,mmartinez,CC,70655038,Milena,Martínez Córdoba,81,ACTIVO,2014-12-01 09:00:00-05:00
250,cpatino,CC,71372859,Cecilia,Patiño Betancur,81,ACTIVO,2014-12-01 09:00:00-05:00
251,mcarvajal,CC,78286970,María,Carvajal Cortés,81,ACTIVO,2014-12-01 09:00:00-05:00
252,eperdomo,CC,78173785,Elvia,Perdomo Polo,82,ACTIVO,2014-12-01 09:00:00-05:00
253,cserna,CC,78587062,Carlos,Serna Gutiérrez,82,ACTIVO,2014-12-01 09:00:00-05:00
254,jrojas2,CC,79902970,Jhon,Rojas Acosta,82,ACTIVO,2014-12-01 09:00:00-05:00
255,mzapata,CC,75026005,Marisol,Zapata Gutiérrez,83,ACTIVO,2014-12-01 09:00:00-05:00
256,sceballos,CC,72306804,Santiago,Ceballos Silva,83,ACTIVO,2014-12-01 09:00:00-05:00
257,cbarrios,CC,72102641,César,Barrios Castellanos,83,ACTIVO,2014-12-01 09:00:00-05:00
258,anavarro,CC,79344177,Alexandra,Navarro Benavides,84,ACTIVO,2014-12-01 09:00:00-05:00
259,epaez,CC,72291642,Esther,Páez García,84,ACTIVO,2014-12-01 09:00:00-05:00
260,msanchez2,CC,71708299,María,Sánchez Palacio,84,ACTIVO,2014-12-01 09:00:00-05:00
261,pduarte,CC,75740850,Pablo,Duarte González,85,ACTIVO,2014-12-01 09:00:00-05:00
262,zgomez,CC,70612518,Zulma,Gómez Acosta,85,ACTIVO,2014-12-01 09:00:00-05:00
263,lhoyos,CC,75558851,Luis,Hoyos Gómez,85,ACTIVO,2014-12-01 09:00:00-05:00
264,rcardona,CC,71093601,Rosa,Cardona Mosquera,86,ACTIVO,2014-12-01 09:00:00-05:00
265,aosorio,CC,72427155,Alejandra,Osorio Campo,86,ACTIVO,2014-12-01 09:00:00-05:00
266,vbustos,CC,76064813,Virginia,Bustos Salazar,86,ACTIVO,2014-12-01 09:00:00-05:00
267,pcardozo,CC,73919189,Paola,Cardozo Guerrero,87,ACTIVO,2014-12-01 09:00:00-05:00
268,croa,CC,72712008,Carlos,Roa Riascos,87,ACTIVO,2014-12-01 09:00:00-05:00
269,emartinez,CC,71648320,Eduardo,Martínez Gamboa,87,ACTIVO,2014-12-01 09:00:00-05:00
